Generation,Transportation,Workload,Delay,Unrecycled
1,491.45,73.86,296.69,53
1,480.03,243.89,1845.93,88
1,453.77,120.05,341.85,101
1,528.53,148.8,645.09,52
1,409.13,191.44,1565.39,94
1,560.02,56.69,187.88,71
1,547.23,33.6,298.22,55
1,433.15,148.85,881.27,116
1,492.9,47.58,52.87,80
1,716.97,258.7,1389.81,15
1,547.13,84.75,391.59,45
1,480.5,147.89,1052.29,90
1,456.8,103.12,408.95,95
1,466.69,83.03,565.38,96
1,505.21,58.45,50,111
1,481.76,73.54,181.65,121
1,482.2,59.34,124.45,70
1,541.2,51.68,213.57,60
2,471.96,206.33,1540.86,80
2,437.91,112.03,344.99,109
2,505.21,58.45,50,111
2,361.41,90.48,692.24,126
2,463.27,84.32,144.63,120
2,465.78,52.22,745.43,96
2,590.23,114.33,220.18,58
2,453.77,120.05,341.85,101
2,481.76,73.54,181.65,121
2,554.71,111.48,473.24,37
2,376.46,163.54,1242.37,110
2,417.79,188.36,1602.53,87
2,456.33,77.7,563.3,106
2,483.37,52.02,288.37,67
2,448.09,85.46,565.38,122
2,429.14,185.89,1613.01,68
2,373.87,176.54,1565.39,94
2,413.02,134.37,314.21,107
2,560.02,56.69,187.88,71
2,456.8,103.12,408.95,95
2,484.33,178.88,2087.26,57
2,423.49,71.77,143.36,142
2,528.99,58.86,231.57,102
2,591.57,45.03,348.04,55
2,460.96,83.4,354.1,121
2,500.61,58.37,75.06,111
2,515.84,87.33,315.11,53
2,420.82,145.61,1105.32,98
3,417.79,188.36,1602.53,87
3,373.87,176.54,1565.39,94
3,456.33,77.7,563.3,106
3,437.91,112.03,344.99,109
3,456.8,103.12,408.95,95
3,456.8,103.12,408.95,95
3,460.4,259.19,1955.23,73
3,378.68,51.55,286.02,110
3,465.78,52.22,745.43,96
3,465.78,52.22,745.43,96
3,483.37,52.02,288.37,67
3,373.87,176.54,1565.39,94
3,578.08,142.8,1070.18,59
3,503.09,135.57,270.46,92
3,468.16,92.9,667.66,91
3,587.42,113.79,379.03,49
3,471.96,206.33,1540.86,80
3,471.96,206.33,1540.86,80
3,465.78,52.22,745.43,96
3,361.41,90.48,692.24,126
3,409.37,270.17,2358.85,87
3,436.02,81.88,476.85,105
3,375.45,129.03,532.89,123
3,477.87,85.17,271.12,102
3,423.73,187.88,1565.39,87
3,341.95,91.12,644.47,114
3,469.43,67.12,259.86,104
3,379.11,91.07,515.25,93
4,471.96,206.33,1540.86,80
4,434.19,73.45,444.11,95
4,456.8,103.12,408.95,95
4,542.98,131.23,384.41,85
4,404.79,104.46,560.07,99
4,588.32,81.09,286.4,80
4,514.64,112.99,463.55,65
4,519.02,127.04,1554.84,64
4,465.78,52.22,745.43,96
4,437.91,112.03,344.99,109
4,471.96,206.33,1540.86,80
4,387.78,183.27,1682.09,109
4,476.78,105.98,66.97,87
4,437.91,112.03,344.99,109
4,581.68,115.98,590.05,40
4,408.4,76.27,682.54,111
4,368.87,158.44,649.39,119
4,581.96,69.99,1080.18,50
4,460.4,259.19,1955.23,73
4,460.4,259.19,1955.23,73
4,417.79,188.36,1602.53,87
4,471.96,206.33,1540.86,80
4,463.03,64.72,607.48,115
4,560.98,250.6,2236.72,40
4,471.96,206.33,1540.86,80
4,471.96,206.33,1540.86,80
4,515.23,101.88,1076.24,77
4,466.77,146.89,1524.67,83
4,482.76,97.51,81.07,103
4,498.45,106.32,626.78,83
4,446.28,114.58,1660.48,79
4,447.25,72.96,636.63,106
4,467.69,12.29,456.06,106
5,465.78,52.22,745.43,96
5,465.78,52.22,745.43,96
5,564,100.54,535.98,65
5,588.32,81.09,286.4,80
5,476.78,105.98,66.97,87
5,456.8,103.12,408.95,95
5,581.96,69.99,1080.18,50
5,581.96,69.99,1080.18,50
5,424.98,87.16,212.04,99
5,479.68,107.61,225.08,74
5,581.96,69.99,1080.18,50
5,517.1,32.85,659.58,51
5,388.46,43.46,449.95,132
5,418.72,199.26,1530.17,85
5,565.03,107.36,387.09,76
5,409.66,101.27,227.1,107
5,488.63,96.29,57.18,84
5,502.93,181.15,563.87,73
5,495.14,82.44,95.97,87
5,408.4,76.27,682.54,111
5,588.32,81.09,286.4,80
5,368.87,158.44,649.39,119
5,439.62,160.09,620.24,81
5,409.81,118.23,67.02,107
5,373.76,162.39,673.84,99
5,460.48,223.31,2206.84,80
5,408.41,77.02,574.93,111
5,471.96,206.33,1540.86,80
5,476.78,105.98,66.97,87
5,408.4,76.27,682.54,111
5,581.96,69.99,1080.18,50
6,457.84,85.81,158.36,107
6,461.6,48.83,555.89,95
6,502.93,181.15,563.87,73
6,581.96,69.99,1080.18,50
6,409.66,101.27,227.1,107
6,424.98,87.16,212.04,99
6,406.11,35.59,364.48,107
6,525.24,163.52,725.17,50
6,412.68,116.83,344.23,82
6,517.1,32.85,659.58,51
6,388.46,43.46,449.95,132
6,502.93,181.15,563.87,73
6,476.78,105.98,66.97,87
6,409.66,101.27,227.1,107
6,471.62,110.81,304.23,95
6,429.55,168.55,1305.17,73
6,456.8,103.12,408.95,95
6,388.46,43.46,449.95,132
6,432.82,210.98,1847.2,59
6,424.98,87.16,212.04,99
6,424.98,87.16,212.04,99
6,418.17,71.09,341.94,119
6,409.66,101.27,227.1,107
6,388.46,43.46,449.95,132
6,520.26,116.6,132.94,75
6,370.18,113.71,379.6,132
6,424.98,87.16,212.04,99
6,476.78,105.98,66.97,87
6,517.1,32.85,659.58,51
6,594.22,131.14,200.96,56
6,438.32,64.17,193.73,99
6,466.95,107.39,526.84,86
7,487.49,81.23,545.47,55
7,424.98,87.16,212.04,99
7,424.98,87.16,212.04,99
7,388.46,43.46,449.95,132
7,525.24,163.52,725.17,50
7,424.98,87.16,212.04,99
7,517.1,32.85,659.58,51
7,525.24,163.52,725.17,50
7,412.68,116.83,344.23,82
7,366.09,111.74,590.97,132
7,361.84,13.37,735.57,132
7,387.71,54.08,406.56,132
7,452.7,49.79,253.88,111
7,405.61,116.83,344.23,85
7,530.02,139.76,439.19,73
7,409.66,101.27,227.1,107
7,415.76,107.55,647.41,99
7,424.98,87.16,212.04,99
7,409.66,101.27,227.1,107
7,373.4,120.38,432.14,146
7,424.98,87.16,212.04,99
7,424.98,87.16,212.04,99
7,466.06,112,151.6,107
7,523.03,112.72,234.74,87
7,555.39,134.27,307.73,73
7,488.99,37.69,418,99
7,614.48,159.26,1241.84,25
7,456.83,66.81,642.19,99
8,470.59,97.56,58.89,97
8,527.97,94.02,502.03,48
8,559.68,45.05,424.94,76
8,525.24,163.52,725.17,50
8,525.24,163.52,725.17,50
8,517.1,32.85,659.58,51
8,412.68,116.83,344.23,82
8,405.61,116.83,344.23,85
8,387.71,54.08,406.56,132
8,478.34,75.61,48.43,75
8,432.85,113.7,549.8,56
8,428.2,74.64,177.16,103
8,517.1,32.85,659.58,51
8,421.79,115.35,295.3,85
8,412.68,116.83,344.23,82
8,412.68,116.83,344.23,82
8,529.76,65.57,366.53,48
8,479.43,46.8,485.62,127
8,378.04,87.36,273.04,141
8,434.67,133.36,163.57,82
8,494.99,89.43,415.78,55
8,513.34,69.59,357.38,89
8,423.67,118.88,293.09,85
8,373.4,120.38,432.14,146
8,373.4,120.38,432.14,146
8,379.55,60.61,127,133
8,412.68,116.83,344.23,82
8,517.1,32.85,659.58,51
8,525.24,163.52,725.17,50
8,397.83,107.99,466.15,82
8,396.04,99.36,518.75,85
9,509.92,55.66,154.42,43
9,412.68,116.83,344.23,82
9,412.68,116.83,344.23,82
9,412.68,116.83,344.23,82
9,412.68,116.83,344.23,82
9,412.68,116.83,344.23,82
9,495.26,64.49,409.91,119
9,449.14,86.21,180.66,96
9,551.04,114.38,401.45,34
9,434.67,133.36,163.57,82
9,517.1,32.85,659.58,51
9,507.28,59.16,303.6,94
9,434.98,40.82,131.81,132
9,468.25,17.51,584.32,90
9,451.46,107.59,161.56,90
9,417.27,136.9,75.29,121
9,491.39,57.37,475.51,93
9,452.05,74.36,34.44,123
9,484.44,107.09,676.02,56
9,458.19,163.09,917.22,56
9,438.81,111.76,598.35,89
9,535.38,162.14,516.36,39
9,391.74,145.9,788.93,93
9,387.71,54.08,406.56,132
9,361.09,13.05,581.18,132
9,412.68,116.83,344.23,82
9,412.68,116.83,344.23,82
9,387.71,54.08,406.56,132
9,387.71,54.08,406.56,132
9,368.17,52.07,400.2,144
9,511.15,55.12,465.17,74
9,434.67,133.36,163.57,82
9,559.68,45.05,424.94,76
10,434.67,133.36,163.57,82
10,412.68,116.83,344.23,82
10,488.16,127.68,412.17,56
10,441.3,131.29,179.74,121
10,490.95,126.67,351.19,59
10,486.61,84.1,485.32,43
10,402.46,92.24,590.86,56
10,406.76,116.81,226.52,105
10,424.34,133.86,75.29,98
10,434.98,40.82,131.81,132
10,509.92,55.66,154.42,43
10,426.31,108.28,494.54,82
10,406.36,138.16,569.54,121
10,434.67,133.36,163.57,82
10,434.67,133.36,163.57,82
10,521.32,54.99,49.94,73
10,492.5,93.37,239.48,43
10,412.68,116.83,344.23,82
10,412.68,116.83,344.23,82
10,511.76,33.36,581.58,64
10,463.81,76.35,34.44,110
10,457.61,129.83,160.7,72
10,425.1,133.31,338.09,82
10,551.04,114.38,401.45,34
10,412.68,116.83,344.23,82
10,412.68,116.83,344.23,82
10,599.75,69.81,231.36,34
10,469.66,63.65,64.39,132
11,424.34,133.86,75.29,98
11,416.39,99.82,86.24,121
11,554.98,60.76,690.05,48
11,448.8,99.91,588.6,59
11,486.61,84.1,485.32,43
11,492.5,93.37,239.48,43
11,424.34,133.86,75.29,98
11,492.5,93.37,239.48,43
11,480.33,152.23,846.57,43
11,395.46,57.11,376.01,105
11,416.5,119.75,659.1,65
11,360.89,51.32,384.66,124
11,472.09,123.72,499.98,57
11,461.7,73.06,123.03,95
11,412.64,99.65,156.48,121
11,434.67,133.36,163.57,82
11,434.67,133.36,163.57,82
11,439.6,93.23,116.67,82
11,401.77,96.04,838.48,82
11,434.67,133.36,163.57,82
11,486.61,84.1,485.32,43
11,488.16,127.68,412.17,56
11,406.76,116.81,226.52,105
11,537.21,86.13,83.83,43
11,451.98,94.88,735.99,73
11,495.32,74.37,159.12,59
11,519.43,55.62,438.59,73
11,533.53,99.51,221.67,43
11,378.49,97.35,291.75,82
12,445.56,142.05,218.45,73
12,427.15,92.79,520.07,66
12,454.25,82.03,434.09,65
12,339.9,36.77,329.04,124
12,434.67,133.36,163.57,82
12,416.5,119.75,659.1,65
12,425.31,81.6,24.71,98
12,414.77,135.27,249.81,98
12,423.75,132.23,657.83,82
12,430.11,118.17,243.89,82
12,472.27,136.82,385.55,57
12,454.3,100.12,422.52,92
12,390.89,93.53,384.66,105
12,514.19,69.47,648.56,67
12,524.92,81.83,308.78,59
12,470.78,137.11,272.88,57
12,502.75,0,3124.28,82
12,416.5,119.75,659.1,65
12,434.67,133.36,163.57,82
12,434.67,133.36,163.57,82
12,412.64,99.65,156.48,121
12,434.67,133.36,163.57,82
12,559.86,64.52,645.62,71
12,447.77,108.29,239.48,59
12,450.85,133.87,114.65,82
12,434.67,133.36,163.57,82
12,424.34,133.86,75.29,98
12,492.5,93.37,239.48,43
12,492.5,93.37,239.48,43
12,415.21,143.53,1109.44,82
12,435.73,160.41,1283.85,42
12,461.06,37.65,257.1,82
12,430.65,95.14,696.29,59
12,417.27,136.9,75.29,121
13,362.57,59.34,389.34,98
13,416.5,119.75,659.1,65
13,426.58,0,2663.34,82
13,575.09,62.39,589.09,65
13,499.83,126.73,321.23,57
13,407.08,70.08,396.85,82
13,336.08,0,1619.64,124
13,425.31,81.6,24.71,98
13,324.09,37.61,546.33,124
13,454.25,82.03,434.09,65
13,339.9,36.77,329.04,124
13,390.89,93.53,384.66,105
13,425.31,81.6,24.71,98
13,407.08,70.08,396.85,82
13,380.94,54.3,116.67,124
13,392.4,70.67,571.66,82
13,411.41,99.7,125.84,82
13,376.6,82.29,283.16,124
13,470.78,137.11,272.88,57
13,521.26,71.04,211.48,85
13,474.95,33.87,706.07,39
13,400.69,127.75,831.6,65
13,416.5,119.75,659.1,65
13,439.47,76.8,116.67,82
13,484.32,97.64,104.19,85
13,465.31,71.06,404.35,56
13,425.31,81.6,24.71,98
13,511.66,74.17,153.74,59
14,415.23,80.63,622.6,73
14,416.5,119.75,659.1,65
14,499.83,126.73,321.23,57
14,353.49,61.73,240.76,140
14,318.67,77.38,269.25,126
14,367.93,31.22,1408.83,107
14,407.08,70.08,396.85,82
14,380.72,54.16,213.04,124
14,424.14,133.69,65.08,108
14,484.32,111.81,594.63,47
14,406.68,100.01,648.71,73
14,362.57,59.34,389.34,98
14,416.5,119.75,659.1,65
14,492.66,120.93,381.65,57
14,376.76,82.42,226.52,124
14,470.63,80.14,194.39,92
14,482.77,102.05,1233.24,47
14,376.6,82.29,283.16,124
14,339.9,36.77,329.04,124
14,418.65,115.34,231.08,92
14,539.38,250.99,2133.4,30
14,514.26,77.63,633.44,65
14,372.89,51.3,477.63,82
14,503.95,87.13,263.64,57
14,421.26,111.79,1072.61,65
14,376.6,82.29,283.16,124
14,339.9,36.77,329.04,124
14,416.5,119.75,659.1,65
14,454.25,82.03,434.09,65
14,362.58,70.95,283.16,131
14,570.49,60.31,448.82,77
14,426.58,0,2663.34,82
14,425.31,81.6,24.71,98
14,416.5,119.75,659.1,65
14,425.31,81.6,24.71,98
15,492.66,120.93,381.65,57
15,477.98,99.27,1057.44,56
15,445.3,69.58,717.02,59
15,491.7,136.71,757.11,47
15,457.54,73.2,1491.36,56
15,379.97,53.57,150.09,124
15,418.65,115.34,231.08,92
15,499.83,126.73,321.23,57
15,376.6,82.29,283.16,124
15,428.54,94.82,65.53,134
15,390.9,44.15,506.66,98
15,417.89,98.77,597.57,73
15,418.65,115.34,231.08,92
15,362.57,59.34,389.34,98
15,510.16,79.99,588.42,47
15,376.6,82.29,283.16,124
15,376.6,82.29,283.16,124
15,376.6,82.29,283.16,124
15,406.68,100.01,648.71,73
15,345.17,44.66,134.98,140
15,478.77,143.14,820.84,47
15,492.66,120.93,381.65,57
15,492.66,120.93,381.65,57
15,407.08,70.08,396.85,82
15,456.55,43.4,227.07,99
15,382.15,155.34,1979.55,82
15,435.35,128.32,65.08,108
15,406.93,100.21,702.14,65
15,492.66,120.93,381.65,57
15,416.5,119.75,659.1,65
15,473.65,120.69,849.83,39
15,482.77,102.05,1233.24,47
15,337.67,110.53,257.3,140
15,442.02,120.43,902.75,30
16,392.84,56.79,371.56,98
16,371.04,65.44,626.99,75
16,497.25,84.24,302.47,83
16,479.42,107.94,435.44,56
16,360.79,16.63,524.12,124
16,499.83,126.73,321.23,57
16,418.65,115.34,231.08,92
16,487.07,87.2,837.36,56
16,510.16,79.99,588.42,47
16,406.68,100.01,648.71,73
16,422.38,118.17,333.3,83
16,402.96,97,490.02,82
16,349.93,62.43,393.5,127
16,379.2,54.05,150.09,127
16,428.54,94.82,65.53,134
16,390.9,44.15,506.66,98
16,510.16,79.99,588.42,47
16,390.9,44.15,506.66,98
16,428.48,90,795.27,47
16,407.73,45.09,318.49,124
16,407.53,105.72,949.52,59
16,418.46,117.26,355.36,79
16,376.6,82.29,283.16,124
16,492.66,120.93,381.65,57
16,422.64,34.9,194.39,92
16,376.6,82.29,283.16,124
16,376.6,82.29,283.16,124
16,484.37,112.19,625.16,47
16,457.54,73.2,1491.36,56
16,390.9,44.15,506.66,98
16,376.6,82.29,283.16,124
16,376.6,82.29,283.16,124
16,402.96,97,490.02,82
16,380.33,85.31,418.79,115
16,445.3,69.58,717.02,59
17,448.68,58.08,1171.29,47
17,406.18,78.12,65.53,137
17,487.26,129.41,450.71,57
17,480.25,143.18,362.84,75
17,405.89,66.6,223.68,85
17,376.5,42.34,451.33,140
17,390.9,44.15,506.66,98
17,371.04,65.44,626.99,75
17,349.93,62.43,393.5,127
17,364.2,22.57,744.8,75
17,364.2,22.57,744.8,75
17,402.96,97,490.02,82
17,413.25,67.96,293.91,82
17,395.75,67.72,150.09,124
17,373.45,100.87,356.76,127
17,421.04,91.4,626.99,56
17,445.2,118.35,435.44,75
17,390.94,118.1,361,90
17,379.2,54.05,150.09,127
17,371.04,65.44,626.99,75
17,389.83,78.39,202.33,95
17,340.7,5.96,644.91,82
17,371.04,65.44,626.99,75
18,413.81,121.3,255.94,90
18,436.75,93.54,471.74,75
18,395.26,70.76,551.51,82
18,482.92,136.96,857.28,47
18,484.15,127.47,543,66
18,389.69,37.86,864.9,140
18,413.97,115.75,307.22,90
18,378.3,49.04,618.96,56
18,375.03,82.74,153.37,137
18,440.44,88.48,201.12,82
18,407.03,81.15,421.26,82
18,390.54,103.92,574.13,75
18,395.75,67.72,150.09,124
18,429.06,94.17,216.19,82
18,454.56,77.86,574.36,56
18,389.05,87.97,321.68,82
18,356.44,99.18,323.15,127
18,371.7,71.49,240.76,127
18,369.23,75.57,28.39,153
18,405.82,58.86,410.94,124
18,372.19,71.12,278.64,117
18,405.3,33.96,899.35,79
18,474.3,74.51,191.9,82
18,445.2,118.35,435.44,75
18,408.38,70.07,157.26,104
18,436.33,91.28,543.34,56
19,398.12,43.32,377.37,82
19,399.52,86.88,421.26,56
19,407.55,105.87,91.91,100
19,356.51,59.81,472.41,82
19,328.63,45.32,248.71,127
19,413.97,115.75,307.22,90
19,413.97,115.75,307.22,90
19,440.44,88.48,201.12,82
19,370.52,75.79,240.76,127
19,413.81,121.3,255.94,90
19,413.97,115.75,307.22,90
19,454.56,77.86,574.36,56
19,413.81,121.3,255.94,90
19,412.43,132.26,326.12,85
19,419.93,87.32,137.67,132
19,454.56,77.86,574.36,56
19,454.56,77.86,574.36,56
19,362.49,21.37,918.65,56
19,377.48,48.37,583.75,56
19,423.83,115.01,344.37,85
19,377.09,49.53,559.38,61
19,383.76,72.9,417.1,85
20,419.93,87.32,137.67,132
20,403.55,95.28,536.02,56
20,413.97,115.75,237.2,90
20,388.33,76.77,553.92,85
20,357.25,8.59,507.99,90
20,327,72.97,385.26,127
20,328.38,53.5,215.84,132
20,487.34,85.78,300.14,90
20,362.49,21.37,918.65,56
20,328.63,45.32,248.71,127
20,413.81,121.3,255.94,90
20,328.63,45.32,248.71,127
20,447.51,87.27,422.06,82
20,338.93,41.49,244.48,127
20,378.49,97.35,291.75,82
20,413.81,121.3,255.94,90
20,454.56,77.86,574.36,56
20,409.08,92.25,378.22,56
20,377.14,150.35,364.17,102
20,354.82,109.8,1002.42,124
20,328.63,45.32,248.71,127
20,440.44,88.48,201.12,82
20,347.19,60.22,240.88,127
20,437.08,94.97,215.56,87
20,437.81,64.83,561.15,72
20,423.09,98.89,98.31,132
20,451.38,102.86,321.68,56
20,440.44,88.48,201.12,82
20,362.49,21.37,918.65,56
21,340.47,5.8,553.92,85
21,357.25,8.59,507.99,90
21,340.66,0,1720.14,90
21,419.93,87.32,137.67,132
21,413.97,115.75,237.2,90
21,445.89,101.8,253.53,85
21,403.55,95.28,536.02,56
21,362.49,21.37,918.65,56
21,327,72.97,385.26,127
21,338.93,41.49,244.48,127
21,432.22,55.69,422.06,82
21,403.55,95.28,536.02,56
21,403.55,95.28,536.02,56
21,361.05,20.35,702.63,64
21,359.26,7.17,678.64,82
21,409.08,92.25,378.22,56
21,328.63,45.32,248.71,127
21,362.49,21.37,918.65,56
21,327,72.97,385.26,127
21,419.93,87.32,137.67,132
21,362.49,21.37,918.65,56
21,362.49,21.37,918.65,56
21,358.67,61.47,296.02,108
21,403.55,95.28,536.02,56
21,357.25,8.59,507.99,90
21,362.49,21.37,918.65,56
21,357.25,8.59,507.99,90
21,349.44,61.61,472.41,85
21,466.54,68.32,92.45,132
21,409.08,92.25,378.22,56
21,409.08,92.25,378.22,56
21,393.54,97.81,152.59,109
21,454.85,0.83,1370.14,47
21,382,105.61,394.77,90
21,386.03,97.29,378.22,85
21,382.38,104.58,321.68,90
22,366.39,74.55,248.71,127
22,311.4,0,1292.38,132
22,365.83,103.95,411.26,85
22,406.05,102.51,198.4,98
22,340.66,0,1720.14,90
22,419.93,87.32,137.67,132
22,427.48,76.91,309.03,98
22,361.05,20.35,702.63,64
22,327,72.97,385.26,127
22,372.59,85.52,245.15,127
22,386.03,90.55,199.78,90
22,419.93,87.32,137.67,132
22,535.43,112.97,443,48
22,370.94,62.65,279.88,127
22,357.25,8.59,507.99,90
22,365.83,103.95,411.26,85
22,331.79,28.55,594.19,106
22,419.93,87.32,137.67,132
22,403.55,95.28,536.02,56
22,356.44,99.18,323.15,127
22,361.05,20.35,702.63,64
22,419.93,87.32,137.67,132
22,414.24,73.62,248.71,127
22,378.16,78.1,164.14,132
22,309.43,12.74,393.56,132
22,362.06,86.72,433.39,87
22,340.66,0,1720.14,90
22,340.66,0,1720.14,90
22,424.32,113.53,307.01,61
22,419.93,87.32,137.67,132
22,419.93,87.32,137.67,132
22,481.54,90.3,179.71,82
22,361.05,20.35,702.63,64
22,327,72.97,385.26,127
23,328.38,53.5,215.84,132
23,462.85,112.8,525.33,64
23,356.26,86.19,454.3,85
23,370.62,119.73,659.59,64
23,441.14,85.01,246.92,98
23,366.6,98.28,384.12,90
23,370.62,119.73,659.59,64
23,327,72.97,385.26,127
23,421.71,87.21,186.59,127
23,361.05,20.35,702.63,64
23,328.63,45.32,248.71,127
23,377.17,69.32,380.86,98
23,364.61,74.29,199.78,132
23,373.85,87.63,186.59,127
23,383.92,113.93,324.31,90
23,333.01,29.41,676.2,101
23,327,72.97,385.26,127
23,393.41,82.78,197.57,127
23,371.44,87.46,197.57,127
23,356.8,60.06,245.15,127
23,373.04,96.78,420.16,90
23,384.39,65,272.31,100
23,404.14,86.03,137.67,132
23,387.2,66.02,383.35,85
23,331.79,28.55,594.19,106
24,361.58,87.25,160.42,132
24,367.5,60.87,421.26,85
24,325.22,72.44,324.56,132
24,327,72.97,385.26,127
24,363.44,90,361.04,90
24,342.63,73.16,199.78,132
24,355.65,81.69,197.57,127
24,392.88,104.11,298.92,90
24,285.79,74.32,208.97,132
24,456.92,91.09,246.92,98
24,348.82,68.85,199.78,132
24,383.28,85.84,358.82,85
24,376.84,92.68,582.44,64
24,340.47,5.8,553.92,85
24,400.88,95.34,135.45,127
24,457.49,151.38,748.66,56
24,382,89.38,384.12,85
24,373.42,88.04,321.68,90
24,328.63,45.32,248.71,127
24,328.63,45.32,248.71,127
24,377.17,69.32,380.86,98
24,361.05,20.35,702.63,64
24,328.63,45.32,248.71,127
24,327,72.97,385.26,127
24,328.38,53.5,215.84,132
24,421.71,87.21,186.59,127
24,412.47,84.68,246.92,124
24,378.05,93.15,664.45,59
24,340.47,5.8,553.92,85
24,376.84,92.68,582.44,64
24,398,87.32,312.32,98
25,367.5,60.87,421.26,85
25,304.63,144.69,1294.56,127
25,469.89,133.08,765.09,56
25,328.63,45.32,248.71,127
25,328.63,45.32,248.71,127
25,377.07,87.79,378.22,85
25,358.64,100.73,547.59,85
25,367.5,60.87,421.26,85
25,326.85,46.31,199.78,132
25,394.66,104.2,347.85,85
25,343.78,55.8,243.48,127
25,363.44,90,361.04,90
25,325.22,72.44,324.56,132
25,347.58,80.78,492.82,106
25,437.37,126.25,799.91,56
25,402.86,123.08,470.76,64
25,352.26,13.4,47.45,127
25,520.53,126.65,233,98
25,363.44,90,361.04,90
25,340.47,5.8,553.92,85
25,376.84,92.68,582.44,64
25,354.47,85.76,386.43,90
25,385.8,90.1,496.94,64
25,358.41,73.66,383.36,104
25,358.38,87.17,215.84,113
25,365.22,89.85,409.96,85
25,369.64,102.31,242.83,90
25,325.22,72.44,324.56,132
26,394.66,104.2,347.85,85
26,326.85,46.31,199.78,132
26,445.83,97.75,206.14,108
26,519.97,121.59,335.45,75
26,328.63,45.32,248.71,127
26,326.85,46.31,199.78,132
26,338.69,4.54,474.26,90
26,365.22,89.85,409.96,85
26,437.37,126.25,799.91,56
26,437.37,126.25,799.91,56
26,378.05,93.15,664.45,59
26,372.07,87.44,137.67,132
26,359.77,86.93,334.43,109
26,442.53,76.23,354.07,101
26,360.15,71.5,215.84,106
26,358.03,90.59,346.68,90
26,394.66,104.2,347.85,85
26,328.63,45.32,248.71,127
26,394.66,104.2,347.85,85
26,363.44,90,361.04,90
26,394.66,104.2,347.85,85
26,363.44,90,361.04,90
26,363.44,90,361.04,90
26,369.64,102.31,242.83,90
26,396.94,99.61,359.15,85
26,311.21,14,466.05,127
26,433.17,90.58,337.21,85
26,347.65,62.54,423.48,90
26,550.42,116.1,303.98,61
26,394.66,104.2,347.85,85
26,367.5,60.87,421.26,85
26,377.07,87.79,378.22,85
26,367.5,60.87,421.26,85
26,363.44,90,361.04,90
26,340.47,5.8,553.92,85
26,520.53,126.65,233,98
26,407.68,105.68,236.8,85
27,372.07,87.44,137.67,132
27,369.64,102.31,242.83,90
27,359.77,86.93,334.43,109
27,478.03,156.15,460.29,82
27,361.58,87.25,160.42,132
27,359.77,86.93,334.43,109
27,359.77,86.93,334.43,109
27,369.64,102.31,242.83,90
27,326.85,46.31,199.78,132
27,363.44,90,361.04,90
27,412.31,70.63,415.4,92
27,424.73,117.69,794.63,56
27,442.53,76.23,354.07,101
27,328.63,45.32,248.71,127
27,387.02,90.22,556.52,59
27,328.44,161.53,1264.5,109
27,387.35,96.95,335.69,83
27,378.24,89.74,298.92,85
27,368.41,84.51,137.67,151
27,495.2,112.83,535.24,75
27,407.61,72.01,322.98,106
27,326.85,46.31,199.78,132
27,416.63,95.42,238.04,85
27,359.77,86.93,334.43,109
27,347.65,62.54,423.48,90
27,337.4,135.75,870.33,109
27,365.22,89.85,409.96,85
27,365.97,99.68,216.21,109
27,361.56,86.8,383.35,104
27,372.07,87.44,137.67,132
27,442.53,76.23,354.07,101
28,395.02,82.61,203.46,85
28,424.73,117.69,794.63,56
28,387.02,90.22,556.52,59
28,424.73,117.69,794.63,56
28,368.41,84.51,137.67,151
28,387.2,109.02,291.75,85
28,360.67,56.25,242.83,90
28,321.57,156.67,1436.58,104
28,424.73,117.69,794.63,56
28,378.24,89.74,298.92,85
28,326.85,46.31,199.78,132
28,424.73,117.69,794.63,56
28,361.58,87.25,160.42,132
28,368.41,84.51,137.67,151
28,368.41,84.51,137.67,151
28,383.35,87.42,529.91,78
28,376.98,80.93,160.42,127
28,359.77,86.93,334.43,109
28,378.24,89.74,298.92,85
28,359.77,86.93,334.43,109
28,355.68,180.79,1947.13,59
28,361.58,87.25,160.42,132
28,387.35,91.31,98.31,151
28,377.56,80.72,160.42,106
28,344.41,73.11,248.71,127
28,360.67,56.25,242.83,90
28,473.37,115.92,360.05,59
28,326.85,46.31,199.78,132
29,378.24,89.74,298.92,85
29,378.28,93.24,777.01,56
29,431.08,85.97,625.96,56
29,368.41,84.51,137.67,151
29,387.02,90.22,556.52,59
29,368.41,84.51,137.67,151
29,376.98,80.93,160.42,127
29,378.24,89.74,298.92,85
29,350.74,149.3,690.97,109
29,432.82,91.98,291.85,56
29,378.63,50.19,242.83,85
29,359.77,86.93,334.43,109
29,376.98,80.93,160.42,127
29,387.25,89.93,193.76,104
29,321.57,156.67,1436.58,104
29,357.91,84.18,160.42,151
29,365.22,89.85,409.96,85
29,378.24,89.74,298.92,85
29,361.58,87.25,160.42,132
29,361.58,87.25,160.42,132
29,361.58,87.25,160.42,132
29,361.58,87.25,160.42,132
29,360.67,56.25,242.83,90
29,360.67,56.25,242.83,90
29,395.4,99.45,203.46,90
29,360.67,56.25,242.83,90
29,378.24,89.74,298.92,85
29,342.63,73.16,199.78,132
29,378.24,89.74,298.92,85
29,344.41,73.11,248.71,127
29,395.4,99.45,203.46,90
30,376.46,89.68,242.83,90
30,376.98,80.93,160.42,127
30,311.61,115.2,674.54,132
30,368.41,84.51,137.67,151
30,387.25,89.93,193.76,104
30,399.93,107.29,430.59,72
30,376.98,80.93,160.42,127
30,361.58,87.25,160.42,132
30,342.63,73.16,199.78,132
30,368.41,84.51,137.67,151
30,368.41,84.51,137.67,151
30,350.74,149.3,690.97,109
30,350.74,149.3,690.97,109
30,321.57,156.67,1436.58,104
30,383.28,85.84,358.82,85
30,346.04,69.5,397.23,151
30,338.97,70.16,199.78,151
30,350.74,149.3,690.97,109
30,350.74,149.3,690.97,109
30,378.24,89.74,298.92,85
30,368.41,84.51,137.67,151
30,366.85,85.73,531.88,109
30,338.97,70.16,199.78,151
30,361.58,87.25,160.42,132
30,338.97,70.16,199.78,151
30,342.63,73.16,199.78,132
30,373.31,77.75,160.42,146
30,378.24,89.74,298.92,85
30,368.41,84.51,137.67,151
30,376.98,80.93,160.42,127
30,376.46,89.68,242.83,90
30,372.07,87.44,137.67,132
30,357.91,84.18,160.42,151
30,321.57,156.67,1436.58,104
30,361.58,87.25,160.42,132
30,410.81,95.03,203.46,85
30,342.63,73.16,199.78,132
30,361.58,87.25,160.42,132
30,368.41,84.51,137.67,151
30,368.79,84.46,255.88,128
31,354.47,85.76,386.43,90
31,355.87,151.23,1208.21,85
31,313.39,116.65,901.51,127
31,383.28,85.84,358.82,85
31,372.07,87.44,137.67,132
31,307.95,112.22,674.54,151
31,378.24,89.74,298.92,85
31,340.75,70.13,248.71,146
31,376.98,80.93,160.42,127
31,378.24,89.74,298.92,85
31,399.93,107.29,430.59,72
31,399.93,107.29,430.59,72
31,344.41,73.11,248.71,127
31,395.4,99.45,203.46,90
31,338.97,70.16,199.78,151
31,381.62,89.36,203.46,108
31,358.7,73.87,211.96,104
31,383.28,85.84,358.82,85
31,378.24,89.74,298.92,85
31,375.64,89.02,207.62,90
31,363.89,39.73,235.81,109
31,355.87,151.23,1208.21,85
31,341.81,72.49,164.58,132
31,311.61,115.2,674.54,132
31,383.28,85.84,358.82,85
31,361.58,87.25,160.42,132
31,373.85,87.63,186.59,127
31,341.81,72.49,164.58,132
31,344.41,73.11,248.71,127
31,361.58,87.25,160.42,132
31,387.25,89.93,193.76,104
32,388.58,116.12,203.46,90
32,338.97,70.16,199.78,151
32,375.64,89.02,207.62,90
32,365.22,89.85,409.96,85
32,342.63,73.16,199.78,132
32,381.62,89.36,203.46,108
32,377.42,89.09,263.71,85
32,362.24,89.42,207.62,113
32,344.79,73,366.92,104
32,338.97,70.16,199.78,151
32,338.97,70.16,199.78,151
32,338.97,70.16,199.78,151
32,338.97,70.16,199.78,151
32,399.93,107.29,430.59,72
32,414.86,116.09,180.71,90
32,395.02,82.61,203.46,85
32,399.93,107.29,430.59,72
32,375.64,89.02,207.62,90
32,343.59,72.44,213.5,127
32,399.93,107.29,430.59,72
32,342.63,73.16,199.78,132
32,338.97,70.16,199.78,151
32,322.16,42.6,137.67,161
32,339.34,70.05,318,128
32,375.64,89.02,207.62,90
32,354.47,85.76,386.43,90
33,395.02,82.61,203.46,85
33,382.76,93.36,378.22,72
33,375.64,89.02,207.62,90
33,381.62,89.36,203.46,108
33,377.42,89.09,263.71,85
33,375.64,89.02,207.62,90
33,388,87.31,286.47,85
33,355.65,81.69,197.57,127
33,375.64,89.02,207.62,90
33,375.64,89.02,207.62,90
33,375.64,89.02,207.62,90
33,377.42,89.09,263.71,85
33,348.62,60.95,437.2,85
33,375.64,89.02,207.62,90
33,363.44,90,361.04,90
33,356.99,73.14,220.67,104
33,343.01,73.05,318,109
33,340.75,70.13,248.71,146
33,342.63,73.16,199.78,132
33,343.97,72.33,331.71,104
33,360.76,86.56,125.22,132
33,378.02,88.97,391.19,85
33,375.64,89.02,207.62,90
33,377.42,89.09,263.71,85
33,364.4,89.17,374.76,85
33,338.15,69.49,164.58,151
33,339.68,68.19,180.63,151
34,355.21,72.94,164.58,109
34,377.42,89.09,263.71,85
34,377.42,89.09,263.71,85
34,346.83,61.88,388.28,90
34,415.33,99.03,282.77,72
34,364.4,89.17,374.76,85
34,356.99,73.14,220.67,104
34,382.76,93.36,378.22,72
34,382.76,93.36,378.22,72
34,377.42,89.09,263.71,85
34,356.99,73.14,220.67,104
34,356.99,73.14,220.67,104
34,356.99,73.14,220.67,104
34,394.58,98.73,168.26,90
34,382.76,93.36,378.22,72
34,382.76,93.36,378.22,72
34,356.99,73.14,220.67,104
34,377.42,89.09,263.71,85
34,348.62,60.95,437.2,85
34,348.62,60.95,437.2,85
34,364.4,89.17,374.76,85
34,359.85,55.58,207.62,90
34,356.99,73.14,220.67,104
34,343.97,72.33,331.71,104
34,364.4,89.17,374.76,85
34,356.99,73.14,220.67,104
34,356.99,73.14,220.67,104
34,348.62,60.95,437.2,85
34,348.62,60.95,437.2,85
34,343.01,73.05,318,109
34,377.42,89.09,263.71,85
34,382.76,93.36,378.22,72
34,348.62,60.95,437.2,85
34,356.99,73.14,220.67,104
34,356.99,73.14,220.67,104
34,364.4,89.17,374.76,85
34,377.42,89.09,263.71,85
34,328.19,44.57,394.16,104
34,377.42,89.09,263.71,85
34,348.62,60.95,437.2,85
34,343.97,72.33,331.71,104
35,382.76,93.36,378.22,72
35,346.83,61.88,388.28,90
35,382.76,93.36,378.22,72
35,346.83,61.88,388.28,90
35,377.42,89.09,263.71,85
35,346.83,61.88,388.28,90
35,348.62,60.95,437.2,85
35,346.83,61.88,388.28,90
35,362.33,77.24,335.18,91
35,375.64,89.02,207.62,90
35,343.97,72.33,331.71,104
35,377.42,89.09,263.71,85
35,405.15,82.55,266.93,85
35,374.15,80.94,125.22,109
35,346.83,61.88,388.28,90
35,378.8,89.82,168.26,90
35,410.49,86.72,381.44,72
35,346.83,61.88,388.28,90
35,356.99,73.14,220.67,104
35,377.42,89.09,263.71,85
35,362.33,77.24,335.18,91
35,356.99,73.14,220.67,104
35,377.42,89.09,263.71,85
35,328.19,44.57,394.16,104
35,375.64,89.02,207.62,90
35,352.17,70.69,243.43,109
35,384.64,74.97,374.22,85
35,382.76,93.36,378.22,72
35,356.99,73.14,220.67,104
35,362.33,77.24,335.18,91
35,375.64,89.02,207.62,90
35,428.44,97.39,338.18,72
35,362.33,77.24,335.18,91
35,356.99,73.14,220.67,104
35,356.99,73.14,220.67,104
35,374.15,80.94,125.22,109
35,375.64,89.02,207.62,90
35,382.76,93.36,378.22,72
35,356.99,73.14,220.67,104
35,403.66,81.3,184.53,104
35,375.64,89.02,207.62,90
35,346.83,61.88,388.28,90
35,375.64,89.02,207.62,90
35,353.96,65.26,551.71,72
36,346.83,61.88,388.28,90
36,348.62,60.95,437.2,85
36,331.57,99.62,286.47,109
36,362.79,47.11,345.24,87
36,346.83,61.88,388.28,90
36,343.97,72.33,331.71,104
36,359.85,55.58,207.62,90
36,343.97,72.33,331.71,104
36,353.96,65.26,551.71,72
36,356.99,73.14,220.67,104
36,382.76,93.36,378.22,72
36,326.4,45.57,345.24,109
36,346.83,61.88,388.28,90
36,346.83,61.88,388.28,90
36,343.97,72.33,331.71,104
36,343.97,72.33,331.71,104
36,409.99,94.3,168.26,85
36,374.15,80.94,125.22,109
36,346.83,61.88,388.28,90
36,382.76,93.36,378.22,72
36,346.83,61.88,388.28,90
36,346.83,61.88,388.28,90
36,346.83,61.88,388.28,90
36,328.19,44.57,394.16,104
36,326.4,45.57,345.24,109
36,394.58,98.73,168.26,90
36,310.12,80.03,125.22,129
36,346.83,61.88,388.28,90
36,361.64,54.83,263.71,85
36,351.93,60.61,223.11,90
37,343.97,72.33,331.71,104
37,353.96,65.26,551.71,72
37,312.62,75.98,325.83,109
37,343.97,72.33,331.71,104
37,343.97,72.33,331.71,104
37,343.97,72.33,331.71,104
37,374.15,80.94,125.22,109
37,364.4,89.17,374.76,85
37,326.4,45.57,345.24,109
37,382.76,93.36,378.22,72
37,343.97,72.33,331.71,104
37,353.96,65.26,551.71,72
37,331.57,99.62,286.47,109
37,345.35,82.66,305.87,109
37,364.99,92.51,199.78,109
37,360.78,88.72,533.61,72
37,343.97,72.33,331.71,104
37,346.83,61.88,388.28,90
37,362.62,89.31,325.83,90
37,350.17,87.52,213.5,104
37,343.97,72.33,331.71,104
37,343.97,72.33,331.71,104
37,382.76,93.36,378.22,72
37,346.83,61.88,388.28,90
37,331.57,99.62,286.47,109
37,356.99,73.14,220.67,104
37,343.97,72.33,331.71,104
37,346.83,61.88,388.28,90
37,346.83,61.88,388.28,90
37,346.83,61.88,388.28,90
37,343.97,72.33,331.71,104
37,346.83,61.88,388.28,90
37,382.76,93.36,378.22,72
37,343.97,72.33,331.71,104
37,331.57,99.62,286.47,109
37,374.15,80.94,125.22,109
37,343.97,72.33,331.71,104
37,343.97,72.33,331.71,104
37,364.4,89.17,374.76,85
37,326.4,45.57,345.24,109
37,473.48,154.21,546.59,64
37,333.65,73.07,243.43,120
37,363.48,83.1,345.24,87
37,337.35,51.9,697.36,72
37,331.57,99.62,286.47,109
37,331.57,99.62,286.47,109
37,328.19,44.57,394.16,104
37,362.62,89.31,325.83,90
38,343.97,72.33,331.71,104
38,350.17,87.52,213.5,104
38,369.75,93.63,489.27,72
38,356.99,73.14,220.67,104
38,326.4,45.57,345.24,109
38,326.4,45.57,345.24,109
38,364.4,89.17,374.76,85
38,353.96,65.26,551.71,72
38,364.4,89.17,374.76,85
38,362.62,89.31,325.83,90
38,382.76,93.36,378.22,72
38,346.83,61.88,388.28,90
38,362.62,89.31,325.83,90
38,362.62,89.31,325.83,90
38,353.96,65.26,551.71,72
38,343.97,72.33,331.71,104
38,343.97,72.33,331.71,104
38,326.4,45.57,345.24,109
38,364.4,89.17,374.76,85
38,346.83,61.88,388.28,90
38,342.19,72.38,282.79,109
38,364.4,89.17,374.76,85
38,382.76,93.36,378.22,72
38,343.97,72.33,331.71,104
38,360.78,88.72,533.61,72
38,343.97,72.33,331.71,104
38,364.4,89.17,374.76,85
38,331.57,99.62,286.47,109
38,362.62,89.31,325.83,90
38,364.4,89.17,374.76,85
38,437.01,104.2,168.26,85
38,342.19,72.38,282.79,109
38,362.62,89.31,325.83,90
38,362.62,89.31,325.83,90
38,348.62,60.95,437.2,85
38,343.97,72.33,331.71,104
38,350.17,87.52,213.5,104
38,343.97,72.33,331.71,104
38,360.78,88.72,533.61,72
38,382.76,93.36,378.22,72
38,328.19,44.57,394.16,104
38,335.01,75.6,376.05,104
38,362.62,89.31,325.83,90
38,328.19,44.57,394.16,104
38,364.4,89.17,374.76,85
38,326.4,45.57,345.24,109
38,353.96,65.26,551.71,72
38,350.17,87.52,213.5,104
38,364.4,89.17,374.76,85
38,343.97,72.33,331.71,104
39,369.75,93.63,489.27,72
39,326.4,45.57,345.24,109
39,368.82,101.72,207.62,90
39,328.19,44.57,394.16,104
39,353.96,65.26,551.71,72
39,343.97,72.33,331.71,104
39,343.97,72.33,331.71,104
39,326.4,45.57,345.24,109
39,343.97,72.33,331.71,104
39,391.73,112.72,371.05,72
39,343.97,72.33,331.71,104
39,326.4,45.57,345.24,109
39,343.97,72.33,331.71,104
39,364.4,89.17,374.76,85
39,364.4,89.17,374.76,85
39,343.97,72.33,331.71,104
39,362.62,89.31,325.83,90
39,326.4,45.57,345.24,109
39,343.97,72.33,331.71,104
39,388,87.31,286.47,85
39,350.17,87.52,213.5,104
39,326.4,45.57,345.24,109
39,326.4,45.57,345.24,109
39,368.82,101.72,207.62,90
39,343.97,72.33,331.71,104
39,343.97,72.33,331.71,104
39,329.39,71.93,437.2,97
39,408.36,80.23,397.3,88
39,353.96,65.26,551.71,72
39,343.97,72.33,331.71,104
39,343.97,72.33,331.71,104
39,364.4,89.17,374.76,85
39,393.35,91.52,400.98,72
39,333.53,48.84,508.67,91
39,346.83,61.88,388.28,90
39,326.4,45.57,345.24,109
39,326.4,45.57,345.24,109
39,346.83,61.88,388.28,90
39,333.53,48.84,508.67,91
39,346.83,61.88,388.28,90
39,362.62,89.31,325.83,90
39,362.62,89.31,325.83,90
39,350.17,87.52,213.5,104
39,353.96,65.26,551.71,72
39,326.4,45.57,345.24,109
40,382.46,85.17,323.61,85
40,340.35,78.04,490.57,91
40,364.4,89.17,374.76,85
40,346.83,61.88,388.28,90
40,342.19,72.38,282.79,109
40,384.6,108.25,207.62,90
40,343.97,72.33,331.71,104
40,388,87.31,286.47,85
40,364.4,89.17,374.76,85
40,343.97,72.33,331.71,104
40,374.71,61.99,346.67,88
40,501.88,79.36,461.22,76
40,401.54,108.55,237.67,85
40,383.66,93.39,334.31,72
40,388,87.31,286.47,85
40,326.4,45.57,345.24,109
40,388,87.31,286.47,85
40,333.53,48.84,508.67,91
40,364.4,89.17,374.76,85
40,326.4,45.57,345.24,109
40,343.97,72.33,331.71,104
40,343.97,72.33,331.71,104
40,343.97,72.33,331.71,104
40,343.97,72.33,331.71,104
40,326.4,45.57,345.24,109
40,388,87.31,286.47,85
40,343.97,72.33,331.71,104
40,343.97,72.33,331.71,104
40,343.97,72.33,331.71,104
40,343.97,72.33,331.71,104
40,388,87.31,286.47,85
40,353.96,65.26,551.71,72
40,388,87.31,286.47,85
40,375.94,105.42,371.05,72
40,351.93,60.61,223.11,90
40,339.65,6.38,518.71,85
40,352.37,147.94,1040.17,77
40,364.4,89.17,374.76,85
40,346.83,61.88,388.28,90
40,342.19,72.38,282.79,109
41,329.81,60.94,266.24,101
41,392.95,71.2,483.43,72
41,364.4,89.17,374.76,85
41,364.4,89.17,374.76,85
41,324.7,125.41,1023.06,85
41,364.4,89.17,374.76,85
41,388,87.31,286.47,85
41,346.83,61.88,388.28,90
41,369.56,74.7,301.37,88
41,364.4,89.17,374.76,85
41,364.4,89.17,374.76,85
41,388,87.31,286.47,85
41,388,87.31,286.47,85
41,388,87.31,286.47,85
41,353.02,54.43,260.4,101
41,388,87.31,286.47,85
41,534.45,86.28,372.94,76
41,346.83,61.88,388.28,90
41,501.88,79.36,461.22,76
41,346.83,61.88,388.28,90
41,387.53,56.61,812.52,85
41,388,87.31,286.47,85
41,388,87.31,286.47,85
41,328.19,44.57,394.16,104
41,364.4,89.17,374.76,85
41,384.6,108.25,207.62,90
41,388,87.31,286.47,85
41,388,87.31,286.47,85
41,388,87.31,286.47,85
41,328.19,44.57,394.16,104
41,393.35,91.52,400.98,72
41,501.88,79.36,461.22,76
41,501.88,79.36,461.22,76
41,370.14,57.93,502.79,72
41,315.29,34.38,371.91,107
41,370.14,57.93,502.79,72
41,312.25,34.48,279.77,106
41,374.71,61.99,346.67,88
41,364.4,89.17,374.76,85
42,387.61,68.29,368.92,85
42,312.25,34.48,279.77,106
42,362.62,89.31,325.83,90
42,348.62,60.95,437.2,85
42,348.62,60.95,437.2,85
42,372.6,87.37,286.47,90
42,353.02,54.43,260.4,101
42,387.61,68.29,368.92,85
42,329.81,60.94,266.24,101
42,364.4,89.17,374.76,85
42,346.83,61.88,388.28,90
42,353.02,54.43,260.4,101
42,353.02,54.43,260.4,101
42,348.62,60.95,437.2,85
42,364.4,89.17,374.76,85
42,364.4,89.17,374.76,85
42,353.41,61.6,177.96,101
42,387.61,68.29,368.92,85
42,353.02,54.43,260.4,101
42,353.02,54.43,260.4,101
42,364.4,89.17,374.76,85
42,364.4,89.17,374.76,85
42,314.03,33.4,328.69,101
42,346.83,61.88,388.28,90
42,364.4,89.17,374.76,85
42,346.83,61.88,388.28,90
42,346.83,61.88,388.28,90
42,364.4,89.17,374.76,85
42,364.4,89.17,374.76,85
42,346.83,61.88,388.28,90
42,364.4,89.17,374.76,85
42,348.62,60.95,437.2,85
42,334.2,133.14,1062.76,85
42,386.38,108.36,256.54,85
42,364.4,89.17,374.76,85
42,346.83,61.88,388.28,90
42,378.8,89.82,168.26,90
42,375.7,84.36,272.04,85
43,353.41,61.6,177.96,101
43,329.81,60.94,266.24,101
43,364.4,89.17,374.76,85
43,380.58,89.1,325.83,85
43,383.79,59.03,388.28,85
43,353.02,54.43,260.4,101
43,387.61,68.29,368.92,85
43,353.02,54.43,260.4,101
43,387.61,68.29,368.92,85
43,355.44,85.74,419.1,85
43,334.2,133.14,1062.76,85
43,346.83,61.88,388.28,90
43,348.62,60.95,437.2,85
43,328.03,60.9,217.32,106
43,370.6,101.57,256.54,85
43,348.62,60.95,437.2,85
43,348.62,60.95,437.2,85
43,348.62,60.95,437.2,85
43,348.62,60.95,437.2,85
43,364.4,89.17,374.76,85
43,346.83,61.88,388.28,90
43,348.62,60.95,437.2,85
43,353.02,54.43,260.4,101
43,348.62,60.95,437.2,85
43,364.4,89.17,374.76,85
43,368.66,26.89,410,85
43,387.61,68.29,368.92,85
43,348.62,60.95,437.2,85
43,346.83,61.88,388.28,90
43,353.02,54.43,260.4,101
43,353.02,54.43,260.4,101
43,353.02,54.43,260.4,101
43,353.02,54.43,260.4,101
43,364.4,89.17,374.76,85
43,364.4,89.17,374.76,85
43,364.4,89.17,374.76,85
43,346.83,61.88,388.28,90
43,346.83,61.88,388.28,90
43,364.4,89.17,374.76,85
43,353.02,54.43,260.4,101
43,348.62,60.95,437.2,85
43,348.62,60.95,437.2,85
43,314.03,33.4,328.69,101
43,364.4,89.17,374.76,85
43,334.07,51.35,301.49,101
44,348.62,60.95,437.2,85
44,380.58,89.1,325.83,85
44,387.61,68.29,368.92,85
44,346.83,61.88,388.28,90
44,348.62,60.95,437.2,85
44,380.58,89.1,325.83,85
44,380.58,89.1,325.83,85
44,338.01,59.48,177.96,106
44,348.62,60.95,437.2,85
44,348.62,60.95,437.2,85
44,362.62,89.31,325.83,90
44,348.62,60.95,437.2,85
44,364.4,89.17,374.76,85
44,348.62,60.95,437.2,85
44,348.62,60.95,437.2,85
44,364.4,89.17,374.76,85
44,380.58,89.1,325.83,85
44,348.62,60.95,437.2,85
44,348.62,60.95,437.2,85
44,381.18,88.73,348.92,85
44,332.68,95.76,1147.28,85
44,364.4,89.17,374.76,85
44,348.62,60.95,437.2,85
44,348.62,60.95,437.2,85
44,348.62,60.95,437.2,85
44,348.62,60.95,437.2,85
44,353.41,61.6,177.96,101
44,348.62,60.95,437.2,85
44,387.61,68.29,368.92,85
44,329.81,60.94,266.24,101
44,364.4,89.17,374.76,85
44,345.99,63.11,217.32,101
44,364.4,89.17,374.76,85
44,348.62,60.95,437.2,85
44,348.62,60.95,437.2,85
44,355.44,85.74,419.1,85
44,348.62,60.95,437.2,85
44,348.62,60.95,437.2,85
44,346.83,61.88,388.28,90
44,334.2,133.14,1062.76,85
44,364.4,89.17,374.76,85
44,399.53,104.06,286.47,85
44,348.62,60.95,437.2,85
44,364.4,89.17,374.76,85
44,348.62,60.95,437.2,85
44,353.41,61.6,177.96,101
44,355.44,85.74,419.1,85
44,384.36,81.91,59.75,101
45,348.62,60.95,437.2,85
45,348.62,60.95,437.2,85
45,348.62,60.95,437.2,85
45,348.62,60.95,437.2,85
45,348.62,60.95,437.2,85
45,370.6,101.57,256.54,85
45,353.72,59.61,272.04,85
45,348.62,60.95,437.2,85
45,346.83,61.88,388.28,90
45,370.6,101.57,256.54,85
45,348.62,60.95,437.2,85
45,348.62,60.95,437.2,85
45,348.62,60.95,437.2,85
45,348.62,60.95,437.2,85
45,346.83,61.88,388.28,90
45,346.83,61.88,388.28,90
45,348.62,60.95,437.2,85
45,348.62,60.95,437.2,85
45,348.62,60.95,437.2,85
45,348.62,60.95,437.2,85
45,364.8,53.57,388.28,85
45,346.83,61.88,388.28,90
45,348.62,60.95,437.2,85
45,364.8,53.57,388.28,85
45,334.2,133.14,1062.76,85
45,403.11,88.53,149.4,104
45,348.62,60.95,437.2,85
45,346.83,61.88,388.28,90
45,348.62,60.95,437.2,85
46,348.62,60.95,437.2,85
46,353.72,59.61,272.04,85
46,348.62,60.95,437.2,85
46,351.93,60.61,223.11,90
46,348.62,60.95,437.2,85
46,348.62,60.95,437.2,85
46,370.6,101.57,256.54,85
46,353.72,59.61,272.04,85
46,348.62,60.95,437.2,85
46,346.83,61.88,388.28,90
46,348.62,60.95,437.2,85
46,370.6,101.57,256.54,85
46,346.83,61.88,388.28,90
46,348.62,60.95,437.2,85
46,370.6,101.57,256.54,85
46,348.62,60.95,437.2,85
46,348.62,60.95,437.2,85
46,370.6,101.57,256.54,85
46,348.62,60.95,437.2,85
46,370.6,101.57,256.54,85
46,348.62,60.95,437.2,85
46,370.6,101.57,256.54,85
46,346.83,61.88,388.28,90
46,348.62,60.95,437.2,85
46,348.62,60.95,437.2,85
46,348.62,60.95,437.2,85
46,346.83,61.88,388.28,90
46,348.62,60.95,437.2,85
46,348.62,60.95,437.2,85
46,348.62,60.95,437.2,85
46,346.83,61.88,388.28,90
46,348.62,60.95,437.2,85
46,348.62,60.95,437.2,85
46,353.72,59.61,272.04,85
46,348.62,60.95,437.2,85
46,370.6,101.57,256.54,85
46,348.62,60.95,437.2,85
46,348.62,60.95,437.2,85
46,351.93,60.61,223.11,90
46,348.62,60.95,437.2,85
46,346.83,61.88,388.28,90
46,346.83,61.88,388.28,90
46,353.72,59.61,272.04,85
46,346.83,61.88,388.28,90
46,370.6,101.57,256.54,85
46,340.4,140.84,944.55,85
46,370.6,101.57,256.54,85
46,348.62,60.95,437.2,85
47,370.6,101.57,256.54,85
47,353.72,59.61,272.04,85
47,370.6,101.57,256.54,85
47,348.62,60.95,437.2,85
47,348.62,60.95,437.2,85
47,370.6,101.57,256.54,85
47,330.9,133.71,904.84,85
47,348.62,60.95,437.2,85
47,368.82,101.72,207.62,90
47,351.93,60.61,223.11,90
47,348.62,60.95,437.2,85
47,348.62,60.95,437.2,85
47,353.72,59.61,272.04,85
47,348.62,60.95,437.2,85
47,348.62,60.95,437.2,85
47,370.6,101.57,256.54,85
47,370.6,101.57,256.54,85
47,370.6,101.57,256.54,85
47,370.6,101.57,256.54,85
47,348.62,60.95,437.2,85
47,370.6,101.57,256.54,85
47,348.62,60.95,437.2,85
47,348.62,60.95,437.2,85
47,370.6,101.57,256.54,85
47,353.72,59.61,272.04,85
47,370.6,101.57,256.54,85
47,353.72,59.61,272.04,85
47,370.6,101.57,256.54,85
47,370.6,101.57,256.54,85
47,370.6,101.57,256.54,85
47,370.6,101.57,256.54,85
47,370.6,101.57,256.54,85
47,370.6,101.57,256.54,85
47,348.62,60.95,437.2,85
47,348.62,60.95,437.2,85
47,361.64,54.83,263.71,85
47,370.6,101.57,256.54,85
47,353.72,59.61,272.04,85
47,370.6,101.57,256.54,85
47,348.62,60.95,437.2,85
47,370.6,101.57,256.54,85
47,370.6,101.57,256.54,85
47,348.62,60.95,437.2,85
47,370.6,101.57,256.54,85
47,348.62,60.95,437.2,85
47,370.6,101.57,256.54,85
48,353.72,59.61,272.04,85
48,351.93,60.61,223.11,90
48,348.62,60.95,437.2,85
48,348.62,60.95,437.2,85
48,348.62,60.95,437.2,85
48,348.62,60.95,437.2,85
48,348.62,60.95,437.2,85
48,439.48,46.93,616.56,76
48,348.62,60.95,437.2,85
48,348.62,60.95,437.2,85
48,348.62,60.95,437.2,85
48,353.72,59.61,272.04,85
48,353.72,59.61,272.04,85
48,368.82,101.72,207.62,90
48,348.62,60.95,437.2,85
48,351.93,60.61,223.11,90
48,348.62,60.95,437.2,85
48,348.62,60.95,437.2,85
48,331.79,43.84,635.49,104
48,397.62,115.21,205.4,85
48,362.24,54.59,453.64,85
48,351.93,60.61,223.11,90
48,351.93,60.61,223.11,90
48,348.62,60.95,437.2,85
48,348.62,60.95,437.2,85
48,348.62,60.95,437.2,85
48,334.2,133.14,944.55,85
48,351.93,60.61,223.11,90
48,364.4,89.17,256.54,85
48,396.05,93.61,440.65,76
48,329.39,71.93,437.2,97
48,348.62,60.95,437.2,85
48,351.93,60.61,223.11,90
48,348.62,60.95,437.2,85
49,353.72,59.61,272.04,85
49,348.62,60.95,437.2,85
49,348.62,60.95,437.2,85
49,348.62,60.95,437.2,85
49,326.88,91.66,1109.38,85
49,353.72,59.61,272.04,85
49,346.83,61.88,388.28,90
49,348.62,60.95,437.2,85
49,348.62,60.95,437.2,85
49,353.72,59.61,272.04,85
49,348.62,60.95,437.2,85
49,351.93,60.61,223.11,90
49,348.62,60.95,437.2,85
49,348.62,60.95,437.2,85
49,348.62,60.95,437.2,85
49,348.62,60.95,437.2,85
49,348.62,60.95,437.2,85
49,348.62,60.95,437.2,85
49,348.62,60.95,437.2,85
49,348.62,60.95,437.2,85
49,331.79,43.84,635.49,104
49,348.62,60.95,437.2,85
49,331.79,43.84,635.49,104
49,348.62,60.95,437.2,85
49,348.62,60.95,437.2,85
49,348.62,60.95,437.2,85
49,348.62,60.95,437.2,85
49,348.62,60.95,437.2,85
49,351.93,60.61,223.11,90
49,397.62,115.21,205.4,85
49,348.62,60.95,437.2,85
49,397.62,115.21,205.4,85
49,350.05,56.7,245.43,104
49,368.13,31.39,662.1,85
49,435.28,45.28,582.78,76
49,353.72,59.61,272.04,85
49,346.83,61.88,388.28,90
49,353.72,59.61,272.04,85
49,353.72,59.61,272.04,85
49,348.62,60.95,437.2,85
49,348.62,60.95,437.2,85
49,351.93,60.61,223.11,90
50,348.62,60.95,437.2,85
50,348.62,60.95,437.2,85
50,339.33,55.49,114.6,110
50,348.62,60.95,437.2,85
50,348.62,60.95,437.2,85
50,348.62,60.95,437.2,85
50,348.62,60.95,437.2,85
50,348.62,60.95,437.2,85
50,348.62,60.95,437.2,85
50,348.62,60.95,437.2,85
50,346.83,61.88,388.28,90
50,348.62,60.95,437.2,85
50,348.62,60.95,437.2,85
50,348.62,60.95,437.2,85
50,362.62,89.31,207.62,90
50,348.62,60.95,437.2,85
50,348.62,60.95,437.2,85
50,348.62,60.95,437.2,85
50,351.93,60.61,223.11,90
50,348.62,60.95,437.2,85
50,348.62,60.95,437.2,85
50,326.88,91.66,1109.38,85
50,326.88,91.66,1109.38,85
50,351.93,60.61,223.11,90
50,346.83,61.88,388.28,90
50,343.39,65.65,183.75,101
50,326.32,26.91,344.69,97
50,348.62,60.95,437.2,85
50,353.72,59.61,272.04,85
50,348.62,60.95,437.2,85
50,348.62,60.95,437.2,85
50,348.62,60.95,437.2,85
50,348.62,60.95,437.2,85
50,348.62,60.95,437.2,85
50,348.62,60.95,437.2,85
50,353.72,59.61,272.04,85
50,346.83,61.88,388.28,90
50,348.62,60.95,437.2,85
50,348.62,60.95,437.2,85
50,348.62,60.95,437.2,85
50,346.83,61.88,388.28,90
50,348.62,60.95,437.2,85
50,348.62,60.95,437.2,85
50,411.86,76.28,437.2,76
50,388.13,140.65,705.01,82
50,348.62,60.95,437.2,85
50,348.62,60.95,437.2,85
51,348.62,60.95,437.2,85
51,348.62,60.95,437.2,85
51,348.62,60.95,437.2,85
51,351.93,60.61,223.11,90
51,348.62,60.95,437.2,85
51,348.62,60.95,437.2,85
51,348.62,60.95,437.2,85
51,348.62,60.95,437.2,85
51,348.62,60.95,437.2,85
51,348.62,60.95,437.2,85
51,348.62,60.95,437.2,85
51,348.62,60.95,437.2,85
51,348.62,60.95,437.2,85
51,348.62,60.95,437.2,85
51,348.62,60.95,437.2,85
51,348.62,60.95,437.2,85
51,370.54,31.37,420.14,85
51,339.33,55.49,114.6,110
51,348.62,60.95,437.2,85
51,348.62,60.95,437.2,85
51,348.62,60.95,437.2,85
51,348.62,60.95,437.2,85
51,348.62,60.95,437.2,85
51,348.62,60.95,437.2,85
51,348.62,60.95,437.2,85
51,348.62,60.95,437.2,85
51,348.62,60.95,437.2,85
51,348.62,60.95,437.2,85
51,348.62,60.95,437.2,85
51,348.62,60.95,437.2,85
51,348.62,60.95,437.2,85
51,348.62,60.95,437.2,85
51,348.62,60.95,437.2,85
51,348.62,60.95,437.2,85
51,326.88,91.66,1109.38,85
51,348.62,60.95,437.2,85
51,348.62,60.95,437.2,85
51,348.62,60.95,437.2,85
51,348.62,60.95,437.2,85
51,348.62,60.95,437.2,85
51,348.62,60.95,437.2,85
51,348.62,60.95,437.2,85
51,348.62,60.95,437.2,85
51,376.28,48.91,279.77,90
51,311.67,76.97,272.04,105
51,348.62,60.95,437.2,85
51,348.62,60.95,437.2,85
51,348.62,60.95,437.2,85
51,348.62,60.95,437.2,85
52,348.62,60.95,437.2,85
52,339.33,55.49,114.6,110
52,378.06,48.52,328.69,85
52,348.17,106.72,1102.4,85
52,370.54,31.37,420.14,85
52,348.62,60.95,437.2,85
52,348.62,60.95,437.2,85
52,348.62,60.95,437.2,85
52,348.62,60.95,437.2,85
52,348.62,60.95,437.2,85
52,348.62,60.95,437.2,85
52,348.62,60.95,437.2,85
52,348.62,60.95,437.2,85
52,348.62,60.95,437.2,85
52,347.2,80.58,96.89,117
52,348.62,60.95,437.2,85
52,348.62,60.95,437.2,85
52,348.62,60.95,437.2,85
52,370.54,31.37,420.14,85
52,311.67,76.97,272.04,105
52,376.28,48.91,279.77,90
52,348.62,60.95,437.2,85
52,348.62,60.95,437.2,85
52,328.83,100.16,183.75,110
52,399.92,68.34,364.72,77
52,347.48,80.52,371.89,92
52,348.62,60.95,437.2,85
52,348.62,60.95,437.2,85
52,348.62,60.95,437.2,85
52,339.33,55.49,114.6,110
52,348.62,60.95,437.2,85
52,348.62,60.95,437.2,85
52,343.77,103.61,1184.71,85
52,343.77,103.61,1184.71,85
52,348.62,60.95,437.2,85
52,353.72,59.61,272.04,85
52,395.71,46.22,328.69,85
52,348.62,60.95,437.2,85
52,348.62,60.95,437.2,85
52,311.67,76.97,272.04,105
52,376.28,48.91,279.77,90
52,370.54,31.37,420.14,85
52,348.62,60.95,437.2,85
52,348.62,60.95,437.2,85
52,339.33,55.49,114.6,110
53,348.62,60.95,437.2,85
53,348.62,60.95,437.2,85
53,339.33,55.49,114.6,110
53,370.54,31.37,420.14,85
53,378.06,48.52,328.69,85
53,339.33,55.49,114.6,110
53,348.62,60.95,437.2,85
53,348.62,60.95,437.2,85
53,348.62,60.95,437.2,85
53,348.62,60.95,437.2,85
53,346.83,61.88,388.28,90
53,311.67,76.97,272.04,105
53,318.42,85.68,1125.21,85
53,421.11,51.45,632.94,77
53,389.49,67.14,499.83,68
53,358.27,72.47,75.24,110
53,279.68,110.54,733.07,110
53,309.89,77.43,223.11,110
53,378.06,48.52,328.69,85
53,348.17,106.72,1102.4,85
53,348.62,60.95,437.2,85
53,348.62,60.95,437.2,85
53,348.62,60.95,437.2,85
53,348.62,60.95,437.2,85
53,339.33,55.49,114.6,110
53,378.06,48.52,328.69,85
53,348.62,60.95,437.2,85
53,348.62,60.95,437.2,85
53,348.62,60.95,437.2,85
53,339.33,55.49,114.6,110
53,348.17,106.72,1102.4,85
53,348.62,60.95,437.2,85
53,348.62,60.95,437.2,85
53,348.62,60.95,437.2,85
53,370.54,31.37,420.14,85
53,348.62,60.95,437.2,85
53,378.06,48.52,328.69,85
53,348.62,60.95,437.2,85
53,339.33,55.49,114.6,110
53,348.62,60.95,437.2,85
53,425.33,30.98,311.98,85
53,348.62,60.95,437.2,85
53,370.54,31.37,420.14,85
53,339.33,55.49,114.6,110
53,339.33,55.49,114.6,110
54,378.06,48.52,328.69,85
54,370.54,31.37,420.14,85
54,421.11,51.45,632.94,77
54,370.54,31.37,420.14,85
54,410.63,65.85,240.4,85
54,279.68,110.54,733.07,110
54,410.63,65.85,240.4,85
54,378.06,48.52,328.69,85
54,378.06,48.52,328.69,85
54,279.68,110.54,733.07,110
54,339.33,55.49,114.6,110
54,365.78,97.66,348.92,90
54,370.54,31.37,420.14,85
54,378.06,48.52,328.69,85
54,316.63,84.42,898.23,90
54,348.62,60.95,437.2,85
54,308.92,78.96,1085.5,85
54,378.06,48.52,328.69,85
54,348.62,60.95,437.2,85
54,341.11,55.45,163.53,105
54,376.28,48.91,279.77,90
54,346.08,22.76,374.19,90
54,348.62,60.95,437.2,85
54,339.33,55.49,114.6,110
54,378.06,48.52,328.69,85
54,358.27,72.47,75.24,110
54,358.27,72.47,75.24,110
54,410.63,65.85,240.4,85
54,279.68,110.54,733.07,110
54,348.62,60.95,437.2,85
54,339.33,55.49,114.6,110
54,348.62,60.95,437.2,85
54,309.89,77.43,223.11,110
54,436.87,36.92,333.1,77
54,339.33,55.49,114.6,110
54,328.83,100.16,183.75,110
54,378.06,48.52,328.69,85
54,320.57,107.28,207.62,110
54,378.06,48.52,328.69,85
54,378.06,48.52,328.69,85
55,387.18,59.71,114.6,110
55,279.68,110.54,733.07,110
55,341.11,55.45,163.53,105
55,378.06,48.52,328.69,85
55,309.13,51.62,209.03,110
55,318.42,85.68,1125.21,85
55,328.83,100.16,183.75,110
55,316.63,84.42,898.23,90
55,365.78,97.66,348.92,90
55,341.11,55.45,163.53,105
55,378.06,48.52,328.69,85
55,316.63,84.42,898.23,90
55,298.63,131.3,515.67,110
55,376.28,48.91,279.77,90
55,318.42,85.68,1125.21,85
55,368.76,30.38,359.44,90
55,318.42,85.68,1125.21,85
55,346.08,22.76,374.19,90
55,482.71,92.24,582,77
55,365.78,97.66,348.92,90
55,378.06,48.52,328.69,85
55,316.63,84.42,898.23,90
55,378.06,48.52,328.69,85
55,316.63,84.42,898.23,90
55,415.87,49.9,565.32,82
55,365.78,97.66,348.92,90
55,365.78,97.66,348.92,90
55,298.63,131.3,515.67,110
55,335.58,123.9,680.83,90
55,348.62,60.95,437.2,85
55,378.06,48.52,328.69,85
55,363.2,27.58,375.4,85
55,376.28,48.91,279.77,90
55,378.06,48.52,328.69,85
55,378.06,48.52,328.69,85
55,405.08,74.23,277.55,85
55,365.78,97.66,348.92,90
55,378.06,48.52,328.69,85
55,421.11,51.45,632.94,77
55,365.78,97.66,348.92,90
56,482.71,92.24,582,77
56,316.63,84.42,898.23,90
56,341.11,55.45,163.53,105
56,341.11,55.45,163.53,105
56,347.86,22.91,462.65,85
56,341.11,55.45,163.53,105
56,316.63,84.42,898.23,90
56,316.63,84.42,898.23,90
56,316.63,84.42,898.23,90
56,339.33,55.49,114.6,110
56,346.83,61.88,388.28,90
56,341.11,55.45,163.53,105
56,341.11,55.45,163.53,105
56,341.11,55.45,163.53,105
56,341.11,55.45,163.53,105
56,318.42,85.68,1125.21,85
56,316.63,84.42,898.23,90
56,318.42,85.68,1125.21,85
56,318.42,85.68,1125.21,85
56,341.11,55.45,163.53,105
56,384.98,113.51,861.29,81
56,341.11,55.45,163.53,105
56,341.11,55.45,163.53,105
56,316.63,84.42,898.23,90
56,318.42,85.68,1125.21,85
56,335.58,123.9,680.83,90
56,316.63,84.42,898.23,90
56,348.62,60.95,437.2,85
56,361.5,19.03,250.5,84
57,339.33,55.49,114.6,110
57,318.42,85.68,1125.21,85
57,310.91,52.11,297.49,105
57,311.67,76.97,272.04,105
57,309.89,77.43,223.11,110
57,378.06,48.52,328.69,85
57,341.11,55.45,163.53,105
57,341.11,55.45,163.53,105
57,341.11,55.45,163.53,105
57,311.67,76.97,272.04,105
57,375.64,95.88,386.06,85
57,341.11,55.45,163.53,105
57,316.63,84.42,898.23,90
57,281.47,111.8,960.04,105
57,378.06,48.52,328.69,85
57,341.11,55.45,163.53,105
57,341.11,55.45,163.53,105
57,347.17,65.34,1091.7,77
57,317.55,23.63,192.6,117
57,281.47,111.8,960.04,105
57,392.06,62.99,217.32,90
57,365.78,97.66,348.92,90
57,316.63,84.42,898.23,90
57,347.86,22.91,462.65,85
57,341.11,55.45,163.53,105
57,341.11,55.45,163.53,105
57,318.42,85.68,1125.21,85
57,316.63,84.42,898.23,90
57,316.63,84.42,898.23,90
57,316.63,84.42,898.23,90
57,316.63,84.42,898.23,90
57,316.63,84.42,898.23,90
57,341.11,55.45,163.53,105
57,347.86,22.91,462.65,85
57,316.63,84.42,898.23,90
57,341.11,55.45,163.53,105
57,341.11,55.45,163.53,105
57,318.42,85.68,1125.21,85
57,318.42,85.68,1125.21,85
57,347.86,22.91,462.65,85
57,341.11,55.45,163.53,105
57,341.11,55.45,163.53,105
58,347.17,65.34,1091.7,77
58,339.33,55.49,114.6,110
58,281.47,111.8,960.04,105
58,309.89,77.43,223.11,110
58,341.11,55.45,163.53,105
58,288.11,43.08,301.11,117
58,378.06,48.52,328.69,85
58,318.42,85.68,1125.21,85
58,351.9,35.67,153.24,112
58,279.68,110.54,733.07,110
58,378.06,48.52,328.69,85
58,324.47,56.94,137.96,110
58,341.11,55.45,163.53,105
58,311.67,76.97,272.04,105
58,322.15,83.04,1263.96,77
58,281.47,111.8,960.04,105
58,309.89,77.43,223.11,110
58,341.11,55.45,163.53,105
58,333.44,50.64,82.28,117
58,331.57,34.35,192.6,110
58,309.89,77.43,223.11,110
58,311.67,76.97,272.04,105
58,319.33,23.95,241.52,112
58,309.89,77.43,223.11,110
58,281.47,111.8,960.04,105
58,311.67,76.97,272.04,105
58,341.11,55.45,163.53,105
58,311.67,76.97,272.04,105
58,310.91,52.11,297.49,105
58,309.89,77.43,223.11,110
58,341.11,55.45,163.53,105
58,311.67,76.97,272.04,105
58,281.47,111.8,960.04,105
58,341.11,55.45,163.53,105
58,341.11,55.45,163.53,105
58,339.33,55.49,114.6,110
58,317.55,23.63,192.6,117
58,318.42,85.68,1125.21,85
58,311.67,76.97,272.04,105
58,341.11,55.45,163.53,105
58,339.33,55.49,114.6,110
58,341.11,55.45,163.53,105
58,376.28,48.91,279.77,90
58,339.33,55.49,114.6,110
58,317.55,23.63,192.6,117
58,311.67,76.97,272.04,105
58,281.47,111.8,960.04,105
58,303.26,127.22,1284.64,79
59,339.33,55.49,114.6,110
59,350.7,59.54,120.49,92
59,309.13,51.62,209.03,110
59,339.33,55.49,114.6,110
59,331.57,34.35,192.6,110
59,318.42,85.68,1125.21,85
59,341.11,55.45,163.53,105
59,279.68,110.54,733.07,110
59,345.39,64.08,864.73,82
59,341.11,55.45,163.53,105
59,339.33,55.49,114.6,110
59,311.67,76.97,272.04,105
59,302.13,54.44,301.11,110
59,362.83,58.33,75.24,110
59,367.79,59.81,42.92,112
59,303.91,53.87,350.03,105
59,351.55,104.91,377.15,90
59,279.68,110.54,733.07,110
59,279.68,110.54,733.07,110
59,331.57,34.35,192.6,110
59,279.68,110.54,733.07,110
59,412.41,46.25,228.16,90
59,279.68,110.54,733.07,110
59,339.33,55.49,114.6,110
59,373.68,64.87,75.24,105
59,333.37,34.39,241.52,92
59,290.88,111.86,593.66,110
59,386.27,47.36,282.58,85
59,331.57,34.35,192.6,110
59,331.57,34.35,192.6,110
59,279.68,110.54,733.07,110
59,351.9,35.67,153.24,112
59,366.78,63.55,195.98,90
59,341.11,55.45,163.53,105
59,352.96,19.12,297.49,85
59,407.43,108.62,652.13,77
59,518.04,63.85,515.25,77
60,350.7,59.54,120.49,92
60,367.79,59.81,42.92,112
60,279.68,110.54,733.07,110
60,279.68,110.54,733.07,110
60,279.68,110.54,733.07,110
60,339.33,55.49,114.6,110
60,339.33,55.49,114.6,110
60,279.68,110.54,733.07,110
60,339.33,55.49,114.6,110
60,339.33,55.49,114.6,110
60,302.13,54.44,301.11,110
60,331.57,34.35,192.6,110
60,339.33,55.49,114.6,110
60,339.33,55.49,114.6,110
60,366.78,63.55,195.98,90
60,378.4,33.08,138.91,112
60,279.68,110.54,733.07,110
60,279.68,110.54,733.07,110
60,335.22,50.65,131.21,112
60,358.27,72.47,75.24,110
60,339.33,55.49,114.6,110
60,271.93,87.13,811.07,110
60,279.68,110.54,733.07,110
60,339.33,55.49,114.6,110
60,339.33,55.49,114.6,110
60,367.79,59.81,42.92,112
60,316.63,84.42,898.23,90
60,314.92,72.8,260.63,112
60,271.93,87.13,811.07,110
60,378.06,48.52,328.69,85
60,350.7,59.54,120.49,92
60,302.13,54.44,301.11,110
60,362.24,68.24,80.06,112
60,339.33,55.49,114.6,110
60,331.57,34.35,192.6,110
60,279.68,110.54,733.07,110
60,350.7,59.54,120.49,92
60,271.93,87.13,811.07,110
60,339.33,55.49,114.6,110
60,322.14,27.01,175.89,112
60,339.33,55.49,114.6,110
60,302.13,54.44,301.11,110
60,285.98,80.71,99.11,126
60,310.91,52.11,297.49,105
60,318.42,85.68,1125.21,85
60,339.33,55.49,114.6,110
60,309.89,77.43,223.11,110
61,279.68,110.54,733.07,110
61,339.33,55.49,114.6,110
61,339.33,55.49,114.6,110
61,333.91,96.64,929.56,90
61,365.18,69.84,276.37,92
61,339.33,55.49,114.6,110
61,378.4,33.08,138.91,112
61,378.4,33.08,138.91,112
61,388.97,59.32,163.53,105
61,332.3,46.65,71.7,117
61,339.33,55.49,114.6,110
61,339.33,55.49,114.6,110
61,339.33,55.49,114.6,110
61,339.33,55.49,114.6,110
61,322.94,95.28,151.43,117
61,326.58,112.7,700.88,105
61,279.68,110.54,733.07,110
61,301.37,32.29,287.03,110
61,279.68,110.54,733.07,110
61,279.68,110.54,733.07,110
61,309.13,51.62,209.03,110
61,328.83,100.16,183.75,110
61,339.33,55.49,114.6,110
61,279.68,110.54,733.07,110
61,279.68,110.54,733.07,110
61,367.79,59.81,42.92,112
61,358.27,72.47,75.24,110
61,378.4,33.08,138.91,112
61,378.4,33.08,138.91,112
61,279.68,110.54,733.07,110
61,358.27,72.47,75.24,110
61,373.68,64.87,75.24,105
61,367.79,59.81,42.92,112
61,279.68,110.54,733.07,110
61,279.68,110.54,733.07,110
61,358.27,72.47,75.24,110
61,358.27,72.47,75.24,110
61,279.68,110.54,733.07,110
61,358.27,72.47,75.24,110
61,358.27,72.47,75.24,110
62,279.68,110.54,733.07,110
62,333.91,96.64,929.56,90
62,279.68,110.54,733.07,110
62,319.3,138.56,1059.28,105
62,365.18,69.84,276.37,92
62,378.4,33.08,138.91,112
62,339.33,55.49,114.6,110
62,326.58,112.7,700.88,105
62,438.58,53.02,97.9,110
62,340.36,57.7,32.2,126
62,339.33,55.49,114.6,110
62,279.68,110.54,733.07,110
62,339.33,55.49,114.6,110
62,360.99,140.8,764.4,90
62,319.3,138.56,1059.28,105
62,363.4,69.56,227.45,97
62,365.18,69.84,276.37,92
62,339.33,55.49,114.6,110
62,368.66,103.02,248.55,93
62,326.65,57,75.24,122
62,326.58,112.7,700.88,105
62,279.68,110.54,733.07,110
62,298.63,131.3,515.67,110
62,350.76,53.24,105.55,110
62,378.4,33.08,138.91,112
62,397.04,58.06,114.6,105
62,326.71,112.81,686.72,105
62,319.3,138.56,1059.28,105
62,316.96,104.85,514.28,110
62,341.11,55.45,163.53,105
62,279.68,110.54,733.07,110
62,319.07,54.8,336.95,110
62,332.3,46.65,71.7,117
62,339.33,55.49,114.6,110
62,392.44,42.78,138.91,92
62,336.65,50.74,120.49,112
62,326.58,112.7,700.88,105
62,279.68,110.54,733.07,110
62,279.68,110.54,733.07,110
62,279.68,110.54,733.07,110
62,279.68,110.54,733.07,110
62,333.91,96.64,929.56,90
62,339.33,55.49,114.6,110
63,348.9,59.12,71.56,110
63,310.91,84.01,140.71,126
63,412.55,109.06,264.14,90
63,279.11,110.14,858.34,112
63,365.18,69.84,276.37,92
63,365.18,69.84,276.37,92
63,378.4,33.08,138.91,112
63,339.33,55.49,114.6,110
63,378.4,33.08,138.91,112
63,340.36,57.7,32.2,126
63,351.59,64.11,456.25,92
63,319.45,83.99,180.07,110
63,392.44,42.78,138.91,92
63,336.65,50.74,120.49,112
63,347.86,22.91,462.65,85
63,304.67,66.26,165.99,117
63,376.61,33.66,89.99,117
63,319.3,138.56,1059.28,105
63,328.68,59.9,16.71,149
63,376.28,48.91,279.77,90
63,334.87,50.16,71.56,117
63,378.4,33.08,138.91,112
63,330.54,40.54,164.13,112
63,347.73,128.25,894.35,92
63,339.33,55.49,114.6,110
63,378.4,33.08,138.91,112
63,326.58,112.7,700.88,105
63,326.65,57,75.24,122
63,345.03,47.2,118.41,110
63,363.4,69.56,227.45,97
63,363.4,69.56,227.45,97
63,340.36,57.7,32.2,126
63,326.65,57,75.24,122
63,369.64,79.23,319.41,85
63,334.87,50.16,71.56,117
63,279.68,110.54,733.07,110
63,339.33,55.49,114.6,110
63,339.33,55.49,114.6,110
63,310.91,84.01,140.71,126
63,339.33,55.49,114.6,110
63,279.68,110.54,733.07,110
64,374.04,45.56,427,85
64,343.19,56.32,71.7,126
64,305.78,72.28,239.72,112
64,346.89,105.81,1164.92,85
64,304.67,66.26,165.99,117
64,310.91,84.01,140.71,126
64,344.57,51.98,50.63,133
64,319.45,83.99,180.07,110
64,367.74,51.36,240.4,106
64,309.89,77.43,223.11,110
64,376.61,33.66,89.99,117
64,310.91,84.01,140.71,126
64,378.4,33.08,138.91,112
64,378.4,33.08,138.91,112
64,336.43,62.05,579.9,108
64,392.44,42.78,138.91,92
64,323.07,40.97,261.84,112
64,356.4,82.06,345.24,90
64,330.79,56.28,75.24,126
64,367.84,65.94,32.2,110
64,376.28,48.91,279.77,90
64,348.9,59.12,71.56,110
64,378.4,33.08,138.91,112
64,319.3,138.56,1059.28,105
64,378.4,33.08,138.91,112
64,378.4,33.08,138.91,112
64,378.4,33.08,138.91,112
64,378.4,33.08,138.91,112
64,343.66,47.76,315.87,92
64,354.76,53.54,307.19,92
64,310.91,84.01,140.71,126
64,310.91,84.01,140.71,126
64,378.4,33.08,138.91,112
64,336.65,50.74,120.49,112
64,379.48,70.09,230.48,64
64,392.44,42.78,138.91,92
64,323.07,40.97,261.84,112
64,384.51,47.06,120.49,112
64,378.4,33.08,138.91,112
65,360.02,35.94,427,92
65,427.63,71.14,142.3,85
65,319.45,83.99,180.07,110
65,319.45,83.99,180.07,110
65,304.67,66.26,165.99,117
65,392.44,42.78,138.91,92
65,304.67,66.26,165.99,117
65,367.74,51.36,240.4,106
65,319.45,83.99,180.07,110
65,378.4,33.08,138.91,112
65,376.61,33.66,89.99,117
65,444.79,81.07,75.08,85
65,293.61,127.25,545.15,133
65,310.16,67.26,137.91,126
65,376.61,33.66,89.99,117
65,378.4,33.08,138.91,112
65,337.11,52.18,261.84,92
65,337.09,52.17,261.84,105
65,376.61,33.66,89.99,117
65,319.45,83.99,180.07,110
65,392.44,42.78,138.91,92
65,378.4,33.08,138.91,112
65,392.44,42.78,138.91,92
65,376.61,33.66,89.99,117
65,392.44,42.78,138.91,92
65,376.61,33.66,89.99,117
65,346.89,105.81,1164.92,85
65,376.61,33.66,89.99,117
65,378.4,33.08,138.91,112
65,420.25,114.64,787.94,64
65,375.23,40.26,111.06,110
65,344.57,51.98,50.63,133
65,356.4,82.06,345.24,90
65,367.74,51.36,240.4,106
65,376.61,33.66,89.99,117
65,378.4,33.08,138.91,112
65,350.68,55.46,32.2,133
65,389.7,86.6,341.13,85
65,310.16,67.26,137.91,126
65,347.17,55.9,198.5,117
65,376.61,33.66,89.99,117
65,392.44,42.78,138.91,92
65,367.74,51.36,240.4,106
66,392.44,42.78,138.91,92
66,304.67,66.26,165.99,117
66,348.9,59.12,71.56,110
66,309.89,77.43,223.11,110
66,310.16,67.26,137.91,126
66,392.44,42.78,138.91,92
66,376.61,33.66,89.99,117
66,348.91,59.13,71.56,97
66,392.44,42.78,138.91,92
66,313.35,25.57,111.06,117
66,376.61,33.66,89.99,117
66,376.61,33.66,89.99,117
66,310.16,67.26,137.91,126
66,328.76,39.41,102.6,117
66,390.64,43.34,89.99,110
66,376.61,33.66,89.99,117
66,373.91,44.75,284.86,92
66,347.05,48.16,416.1,110
66,327.79,77.75,315.97,91
66,479.12,82.77,228.74,77
66,291.04,112.54,324.58,133
66,318.7,71.43,165.99,110
66,312.74,40.96,173.55,133
66,378.4,33.08,138.91,112
66,427.63,71.14,142.3,85
66,376.61,33.66,89.99,117
66,376.61,33.66,89.99,117
66,425.84,71.66,93.37,90
66,378.4,33.08,138.91,112
66,427.63,71.14,142.3,85
66,392.44,42.78,138.91,92
67,398.97,31.81,225.89,91
67,327.79,77.75,315.97,91
67,371.82,56.71,236.72,97
67,334.51,75.32,77.56,126
67,347.05,48.16,416.1,110
67,347.05,48.16,416.1,110
67,376.61,33.66,89.99,117
67,327.79,77.75,315.97,91
67,327.79,77.75,315.97,91
67,376.61,33.66,89.99,117
67,392.44,42.78,138.91,92
67,347.05,48.16,416.1,110
67,392.44,42.78,138.91,92
67,348.91,59.13,71.56,97
67,301.51,46.53,121.21,126
67,347.05,48.16,416.1,110
67,318.7,71.43,165.99,110
67,340.37,57.71,32.2,113
67,327.79,77.75,315.97,91
67,327.79,77.75,315.97,91
67,304.67,66.26,165.99,117
67,380.03,40.84,190.76,110
67,324.03,58.07,197.15,114
67,392.44,42.78,138.91,92
67,376.61,33.66,89.99,117
67,345.75,82.7,310.22,109
67,335.66,58.35,0,156
67,326.36,69.26,326.69,91
67,347.05,48.16,416.1,110
67,376.61,33.66,89.99,117
67,313.35,25.57,111.06,117
67,313.35,25.57,111.06,117
67,309.89,77.43,223.11,110
67,309.89,77.43,223.11,110
67,376.61,33.66,89.99,117
67,376.61,33.66,89.99,117
67,348.91,59.13,71.56,97
68,353.04,87.63,244.25,91
68,330.03,77.44,275.03,91
68,396.75,57.34,71.56,110
68,304.67,66.26,165.99,117
68,365.29,80.27,765.84,84
68,340.36,57.7,32.2,126
68,373.45,45.89,263.54,91
68,354.12,55.55,390.48,91
68,327.79,77.75,315.97,91
68,380.59,37.28,513.98,71
68,366.55,65.07,116.92,110
68,318.43,75.33,205.6,107
68,311.23,124.4,690.03,110
68,355.8,54.02,218.18,91
68,318.7,71.43,165.99,110
68,327.79,77.75,315.97,91
68,357.23,60.23,207.46,91
68,334.75,75.46,306.93,91
68,334.51,75.32,77.56,126
68,327.79,77.75,315.97,91
68,347.05,48.16,416.1,110
68,347.05,48.16,416.1,110
68,347.05,48.16,416.1,110
68,334.51,75.32,77.56,126
68,366.55,65.07,116.92,110
68,337.64,76.78,87.09,110
68,323.79,141.73,1112.26,91
68,376.61,33.66,89.99,117
68,289.25,125.9,690.03,110
68,366.55,65.07,116.92,110
68,344.57,51.98,50.63,133
68,376.61,33.66,89.99,117
68,376.61,33.66,89.99,117
68,301.51,46.53,121.21,126
68,376.61,33.66,89.99,117
68,347.05,48.16,416.1,110
68,347.05,48.16,416.1,110
68,327.79,77.75,315.97,91
68,376.61,33.66,89.99,117
69,374.89,58.72,252.82,91
69,380.59,37.28,513.98,71
69,334.51,75.32,77.56,126
69,288.22,125.08,817.2,107
69,296.13,61.26,137.91,133
69,318.43,75.33,205.6,107
69,327.79,77.75,315.97,91
69,327.79,77.75,315.97,91
69,351.6,95.35,254.97,91
69,396.75,57.34,71.56,110
69,327.79,77.75,315.97,91
69,347.87,55.36,97.09,107
69,334.51,75.32,77.56,126
69,330.03,77.44,275.03,91
69,379.34,35.76,380.17,110
69,304.33,72.26,333.32,110
69,334.51,75.32,77.56,126
69,318.7,71.43,165.99,110
69,396.75,57.34,71.56,110
69,337.23,76.49,140.71,107
69,310.16,67.26,137.91,126
69,396.75,57.34,71.56,110
69,304.67,66.26,165.99,117
69,388.5,69.64,25.5,120
69,308.88,90.23,222.76,109
69,380.59,37.28,513.98,71
69,353.04,87.63,244.25,91
69,340.36,57.7,32.2,126
69,325.6,58.27,352.15,91
69,365.29,80.27,765.84,84
69,365.29,80.27,765.84,84
69,288.22,125.08,817.2,107
69,333.44,50.64,82.28,117
70,327.79,77.75,315.97,91
70,347.87,55.36,97.09,107
70,347.87,55.36,97.09,107
70,337.23,76.49,140.71,107
70,396.75,57.34,71.56,110
70,327.79,77.75,315.97,91
70,317.92,75.05,191.97,110
70,334.28,43.13,238.44,107
70,388.91,64.83,252.82,84
70,294.17,115.19,472.62,117
70,360.33,60.01,42.51,110
70,425.02,128.3,556.31,82
70,327.79,77.75,315.97,91
70,334.51,75.32,77.56,126
70,334.51,75.32,77.56,126
70,327.79,77.75,315.97,91
70,327.79,77.75,315.97,91
70,337.23,76.49,140.71,107
70,327.79,77.75,315.97,91
70,326.36,69.26,326.69,91
70,327.79,77.75,315.97,91
70,330.03,77.44,275.03,91
70,279.69,92.9,482.18,110
70,382.17,63.23,254.96,91
70,327.79,77.75,315.97,91
70,330.89,73.58,269.48,110
70,340.36,76.53,140.71,91
70,318.43,75.33,205.6,107
70,340.36,57.7,32.2,126
70,405.09,51.22,207.46,91
70,391.35,59.77,32.2,110
70,327.79,77.75,315.97,91
70,327.79,77.75,315.97,91
70,337.23,76.49,140.71,107
70,396.75,57.34,71.56,110
71,347.87,55.36,97.09,107
71,332.73,53.64,252.56,91
71,337.28,45.19,236.47,107
71,316.48,78.88,202.69,110
71,357.23,60.23,207.46,91
71,335.79,88.31,151.43,107
71,332.73,53.64,252.56,91
71,326.36,69.26,326.69,91
71,399.44,70.54,407.06,84
71,317.92,75.05,191.97,110
71,347.87,55.36,97.09,107
71,319.81,95.66,151.43,133
71,317.92,75.05,191.97,110
71,317.92,75.05,191.97,110
71,307.81,75.77,248.96,91
71,326.36,69.26,326.69,91
71,357.23,60.23,207.46,91
71,288.48,93.8,300.48,110
71,350.49,68.92,77.56,100
71,326.33,47.98,32.2,133
71,360.33,60.01,42.51,110
71,347.87,55.36,97.09,107
71,317.92,75.05,191.97,110
71,317.92,75.05,191.97,110
71,317.92,75.05,191.97,110
71,347.87,55.36,97.09,107
71,326.36,69.26,326.69,91
72,358.86,42.32,15.5,95
72,326.36,69.26,326.69,91
72,357.23,60.23,207.46,91
72,388.91,64.83,252.82,84
72,316.99,70.15,216.32,107
72,301.83,35.34,77.3,133
72,307.33,73.81,331.34,110
72,288.48,93.8,300.48,110
72,355.8,54.02,218.18,91
72,288.48,93.8,300.48,110
72,357.23,60.23,207.46,91
72,326.33,47.98,32.2,133
72,317.92,75.05,191.97,110
72,287.04,97.63,311.2,110
72,326.36,69.26,326.69,91
72,316.48,78.88,202.69,110
72,307.81,75.77,248.96,91
72,287.72,96.53,325.93,110
72,279.11,90.79,190.11,126
72,322.94,95.28,151.43,117
72,384.05,48.1,277.2,91
72,362.17,62.88,190.76,91
72,305.15,87,368.22,110
72,339.97,62.68,71.57,107
72,286.28,90.05,336.65,110
72,385.64,26.69,140.45,91
72,350.49,68.92,77.56,100
72,350.49,68.92,77.56,100
72,360.74,61.21,201.48,91
72,356.08,51.91,171.58,107
72,326.36,69.26,326.69,91
72,357.23,60.23,207.46,91
72,317.92,75.05,191.97,110
72,316.48,78.88,202.69,110
73,317.92,75.05,191.97,110
73,297.97,70.58,220.97,126
73,288.48,93.8,300.48,110
73,288.48,93.8,300.48,110
73,355.8,54.02,218.18,91
73,316.99,70.15,216.32,107
73,322.94,95.28,151.43,117
73,323.62,47.32,100.91,102
73,404.37,68.77,42.92,84
73,307.81,75.77,248.96,91
73,288.48,93.8,300.48,110
73,288.48,93.8,300.48,110
73,344.84,35.42,15.5,102
73,307.12,76.15,92.32,126
73,331.3,39.22,263.28,91
73,316.99,70.15,216.32,107
73,316.42,69.71,226.62,107
73,372.67,63.25,128.31,91
73,355.8,54.02,218.18,91
73,394.76,61.18,171.58,95
73,291.98,66.03,247.79,110
73,324.75,55.36,179.29,91
74,282.4,44.71,107.81,123
74,256.84,149.99,999.2,110
74,317.25,70.11,236.84,102
74,323.36,47.14,80.39,107
74,279.11,90.79,190.11,126
74,326.36,69.26,326.69,91
74,291.77,45.72,218.18,107
74,288.48,93.8,300.48,110
74,366.93,61.73,544.16,84
74,395.22,61.22,171.58,84
74,279.37,90.87,210.63,121
74,307.12,76.15,92.32,126
74,337.51,51.73,71.56,91
74,331.3,39.22,263.28,91
74,323.77,94.26,338.06,91
74,287.04,97.63,311.2,110
74,337.54,45.26,256.99,102
74,409.31,57.05,26.22,84
74,317.92,75.05,191.97,110
74,323.62,47.32,100.91,102
74,288.48,93.8,300.48,110
74,307.12,76.15,92.32,126
74,296.71,60.54,201.48,107
74,357.67,50.79,16.71,125
74,477.32,131.02,600.38,67
74,296.71,60.54,201.48,107
75,331.3,39.22,263.28,91
75,323.36,47.14,80.39,107
75,337.51,51.73,71.56,91
75,282.1,91.69,278.12,110
75,331.3,39.22,263.28,91
75,256.84,149.99,999.2,110
75,318.43,75.33,205.6,107
75,321.93,34.41,91.11,107
75,327.79,77.75,315.97,91
75,332.73,53.64,252.56,91
75,256.84,149.99,999.2,110
75,291.31,93.48,181.77,126
75,296.15,122.19,1014.7,91
75,288.93,97.38,425.04,105
75,301.2,58.94,42.92,123
75,291.77,45.72,218.18,107
75,256.84,149.99,999.2,110
75,323.36,47.14,80.39,107
75,337.51,51.73,71.56,91
75,323.36,47.14,80.39,107
75,337.54,45.26,256.99,102
75,351.6,43.69,116.66,91
75,279.11,90.79,190.11,126
75,256.84,149.99,999.2,110
75,298.2,66.11,56.07,110
75,296.15,122.19,1014.7,91
75,256.84,149.99,999.2,110
75,277.68,97.01,200.83,126
75,277.68,97.01,200.83,126
75,323.36,47.14,80.39,107
75,332.73,53.64,252.56,91
75,279.11,90.79,190.11,126
75,331.3,39.22,263.28,91
75,371.75,46.87,80.39,107
75,270.84,120.52,457.13,110
75,277.68,97.01,200.83,126
76,313.72,98.07,228.76,110
76,407.37,149.96,535.86,71
76,323.62,47.32,100.91,102
76,375.57,71.36,245.75,88
76,318.43,75.33,205.6,107
76,323.36,47.14,80.39,107
76,321.93,34.41,91.11,107
76,288.93,97.38,425.04,105
76,247.47,143.37,812.43,126
76,256.84,149.99,999.2,110
76,379.68,39.11,263.28,91
76,269.41,135.46,467.85,110
76,296.93,47.02,229.68,107
76,321.93,34.41,91.11,107
76,318.43,75.33,205.6,107
76,256.84,149.99,999.2,110
76,274.35,69.66,311.02,110
76,327.79,77.75,315.97,91
76,318.43,75.33,205.6,107
76,318.43,75.33,205.6,107
76,318.43,75.33,205.6,107
76,293.16,72.91,613.67,107
76,323.36,47.14,80.39,107
76,316.99,70.15,216.32,107
76,318.43,75.33,205.6,107
76,323.36,47.14,80.39,107
76,288.48,93.8,300.48,110
76,296.15,122.19,1014.7,91
76,256.84,149.99,999.2,110
76,337.51,51.73,71.56,91
76,318.43,75.33,205.6,107
76,321.93,34.41,91.11,107
76,292.44,97.96,419.06,105
76,252.99,147.27,1361.9,110
76,327.79,77.75,315.97,91
76,277.68,97.01,200.83,126
76,296.15,122.19,1014.7,91
76,291.98,66.03,247.79,110
76,318.43,75.33,205.6,107
76,301.2,58.94,42.92,123
76,283.84,55.01,97.09,123
76,293.36,26.83,80.39,126
77,354.74,70.79,279.33,88
77,299.56,81.79,287.65,105
77,379.68,39.11,263.28,91
77,289.69,94.24,360.05,105
77,256.84,149.99,999.2,110
77,407.37,149.96,535.86,71
77,263.78,81.06,289.68,110
77,344.61,63.39,80.39,107
77,356.5,45.5,321.01,88
77,375.57,71.36,245.75,88
77,274.35,69.66,311.02,110
77,297.19,61.96,130.26,107
77,327.79,77.75,315.97,91
77,248.91,139.21,801.71,126
77,357.02,54.4,277.76,86
77,316.36,96.83,330.09,91
77,327.79,77.75,315.97,91
77,366.2,64.66,104.81,104
77,327.79,77.75,315.97,91
77,288.93,97.38,425.04,105
77,375.57,71.36,245.75,88
77,327.79,77.75,315.97,91
77,274.35,69.66,311.02,110
77,274.35,69.66,311.02,110
77,405.51,50.86,93.46,88
77,326.35,29.98,97.09,107
77,407.37,149.96,535.86,71
77,289.69,94.24,360.05,105
78,331.3,39.22,263.28,91
78,339.48,36.08,100.91,102
78,290.71,70.37,279.33,104
78,317.22,65.46,107.65,133
78,301.5,75.96,173.41,136
78,344.61,63.39,80.39,107
78,343.11,64.37,81.11,91
78,289,117.14,489.54,105
78,405.4,37.06,277.76,86
78,360.74,61.21,201.48,91
78,291.98,66.03,247.79,110
78,354.74,70.79,279.33,88
78,357.02,54.4,277.76,86
78,436.81,151.52,814.95,71
78,327.79,77.75,315.97,91
78,288.48,93.8,300.48,110
78,288.22,125.08,817.2,107
78,372.2,190.9,886.64,71
78,286.57,76.18,201.44,126
78,355.19,71.77,292.12,86
78,413.6,204,675.04,71
78,369.26,45.51,80.06,86
78,337.29,114.02,607.07,88
78,297.59,132.61,1003.98,91
78,276.22,102.9,231.51,126
78,379.68,39.11,263.28,91
78,326.36,69.26,326.69,91
78,323.78,97.65,394.82,91
78,327.79,77.75,315.97,91
78,327.79,77.75,315.97,91
78,344.61,63.39,80.39,107
78,354.74,70.79,279.33,88
78,356.5,45.5,321.01,88
78,327.79,77.75,315.97,91
78,280.7,128.97,672.32,105
78,353.2,50.99,427.74,88
78,255.95,78.87,425.01,110
79,326.36,69.26,326.69,91
79,355.19,71.77,292.12,86
79,297.15,73.88,62.06,126
79,327.79,77.75,315.97,91
79,288.48,93.8,300.48,110
79,392.71,55.66,25.81,91
79,318.43,75.33,205.6,107
79,280.6,87.55,216.55,126
79,314.66,136.6,643.12,102
79,330.18,39.64,65.58,117
79,348.58,43.39,190.76,91
79,282.87,61.93,157.94,121
79,343.11,64.37,81.11,91
79,288.48,93.8,300.48,110
79,331.3,39.22,263.28,91
79,277.8,108.09,256.09,136
79,299.9,54.85,64.89,126
79,325.55,54.79,269.8,102
79,308.98,71.13,185.98,112
79,356.36,57.52,307.61,84
79,344.61,63.39,80.39,107
79,344.61,63.39,80.39,107
79,342.18,120.5,319.57,90
79,344.61,63.39,80.39,107
79,339.48,36.08,100.91,102
79,391.82,79.39,315.97,71
79,318.38,70.77,324.72,91
79,279.37,90.87,210.63,121
79,318.69,75.39,226.12,102
79,309.27,61.25,175.26,110
79,331.69,66.57,163.3,91
79,332.05,102.08,996.15,86
79,309.12,131.6,184.2,110
80,317.92,75.05,191.97,110
80,326.36,69.26,326.69,91
80,392.7,85.02,72.61,91
80,335.03,61.45,88.28,107
80,274.03,113.24,732.94,110
80,308.98,71.13,185.98,112
80,326.36,69.26,326.69,91
80,331.3,39.22,263.28,91
80,318.86,35.27,263.28,93
80,321.42,76.2,185.98,110
80,279.51,77.85,328.23,110
80,288.48,93.8,300.48,110
80,331.3,39.22,263.28,91
80,288.48,93.8,300.48,110
80,280.6,87.55,216.55,126
80,327.79,77.75,315.97,91
80,326.36,69.26,326.69,91
80,392.71,55.66,25.81,91
80,282.87,61.93,157.94,121
80,289.96,91,245.45,110
80,279.11,90.79,190.11,126
80,327.79,77.75,315.97,91
80,331.3,39.22,263.28,91
80,392.71,55.66,25.81,91
80,343.11,64.37,81.11,91
80,343.11,64.37,81.11,91
80,327.79,77.75,315.97,91
80,316.48,78.88,202.69,110
80,317.89,63.14,283.14,93
80,339.97,62.68,71.57,107
80,273.09,145.7,487.9,110
80,303.84,82.54,233.24,97
80,444.98,153.52,835.1,71
80,280.6,87.55,216.55,126
80,343.11,64.37,81.11,91
80,249.64,97.75,651.74,112
80,383.19,34.6,89.63,102
80,338.93,87.75,151.43,91
80,331.3,39.22,263.28,91
81,318.86,35.27,263.28,93
81,326.36,69.26,326.69,91
81,335.03,61.45,88.28,107
81,355.8,54.02,218.18,91
81,317.92,75.05,191.97,110
81,335.03,61.45,88.28,107
81,288.48,93.8,300.48,110
81,308.98,71.13,185.98,112
81,288.48,93.8,300.48,110
81,335.03,61.45,88.28,107
81,335.03,61.45,88.28,107
81,327.79,77.75,315.97,91
81,326.36,69.26,326.69,91
81,279.63,92.36,259.93,113
81,388.53,116.92,569.14,84
81,288.48,93.8,300.48,110
81,321.42,76.2,185.98,110
81,353.98,70.79,221.33,91
81,408.71,62.62,53.23,91
81,281.35,104.16,204.35,126
81,355.8,54.02,218.18,91
81,288.48,93.8,300.48,110
81,288.48,93.8,300.48,110
81,327.79,77.75,315.97,91
81,282.87,61.93,157.94,121
81,385.98,68.13,129.76,91
81,295.72,81.68,116.96,126
81,288.48,93.8,300.48,110
81,283.12,131.7,738.72,110
81,280.6,87.55,216.55,126
81,373.45,45.89,263.54,91
81,373.45,45.89,263.54,91
81,316.99,70.15,216.32,107
81,326.36,69.26,326.69,91
81,335.03,61.45,88.28,107
81,326.36,69.26,326.69,91
81,291.98,66.03,247.79,110
81,326.36,69.26,326.69,91
81,273.76,124.23,571.3,126
81,288.48,93.8,300.48,110
81,355.8,54.02,218.18,91
81,288.48,93.8,300.48,110
81,326.36,69.26,326.69,91
81,321.42,76.2,185.98,110
82,329.96,64.18,151.43,91
82,325.43,98.89,260.75,91
82,317.92,75.05,191.97,110
82,355.8,54.02,218.18,91
82,434.34,55.47,232.05,84
82,348.95,31.89,400.44,91
82,337,44.99,91.11,109
82,326.36,69.26,326.69,91
82,355.8,54.02,218.18,91
82,349.42,52.36,146.46,103
82,298.51,52.19,191.97,122
82,318.43,75.33,205.6,107
82,355.8,54.02,218.18,91
82,335.03,61.45,88.28,107
82,335.03,61.45,88.28,107
82,326.36,69.26,326.69,91
82,391.13,79.94,388.45,84
82,331.3,39.22,263.28,91
82,316.92,62.45,270.45,93
82,271.04,99.62,529.41,110
82,355.8,54.02,218.18,91
82,332.73,53.64,252.56,91
82,316.92,62.45,270.45,93
82,286.28,76.01,56.08,128
82,436.4,142.67,540.65,78
82,327.79,77.75,315.97,91
82,318.43,75.33,205.6,107
82,348.3,56.53,201.48,93
82,280.39,123.51,431.75,113
82,335.03,61.45,88.28,107
82,335.03,61.45,88.28,107
82,355.8,54.02,218.18,91
82,327.79,77.75,315.97,91
82,388.53,116.92,569.14,84
82,355.8,54.02,218.18,91
82,355.8,54.02,218.18,91
82,355.8,54.02,218.18,91
82,388.53,116.92,569.14,84
82,326.36,69.26,326.69,91
82,335.03,61.45,88.28,107
82,335.03,61.45,88.28,107
83,304.45,126.96,529.41,103
83,355.8,54.02,218.18,91
83,326.36,69.26,326.69,91
83,335.03,61.45,88.28,107
83,335.03,61.45,88.28,107
83,326.36,69.26,326.69,91
83,355.8,54.02,218.18,91
83,355.8,54.02,218.18,91
83,331.3,39.22,263.28,91
83,348.95,31.89,400.44,91
83,348.95,31.89,400.44,91
83,327.79,77.75,315.97,91
83,317.46,67.94,286.38,110
83,335.03,61.45,88.28,107
83,335.03,61.45,88.28,107
83,403.08,67.04,227.58,82
83,271.04,99.62,529.41,110
83,331.3,39.22,263.28,91
83,355.8,54.02,218.18,91
83,271.04,99.62,529.41,110
83,287.72,96.53,325.93,110
83,295.44,103.19,291.44,110
83,355.8,54.02,218.18,91
83,331.3,39.22,263.28,91
83,335.03,61.45,88.28,107
83,271.04,99.62,529.41,110
83,285.46,91.81,300.9,129
83,408.81,84.94,209.64,71
83,355.8,54.02,218.18,91
83,326.36,69.26,326.69,91
83,271.04,99.62,529.41,110
83,271.04,99.62,529.41,110
83,326.36,69.26,326.69,91
83,348.95,31.89,400.44,91
83,377.06,53.74,88.28,91
83,377.06,53.74,88.28,91
83,326.36,69.26,326.69,91
83,355.8,54.02,218.18,91
83,331.3,39.22,263.28,91
83,326.36,69.26,326.69,91
83,326.36,69.26,326.69,91
83,317.92,75.05,191.97,110
83,335.22,98.94,87.78,117
83,432.66,80.15,205.6,82
83,326.36,69.26,326.69,91
83,355.8,54.02,218.18,91
84,291.98,66.03,247.79,110
84,310.36,86.68,544.9,91
84,365.23,59.8,42.92,107
84,355.8,54.02,218.18,91
84,415.79,63.95,345.75,82
84,346.43,51.76,107.81,107
84,284.48,91.47,320.9,112
84,386.06,149.87,1033.57,71
84,368.37,59.55,42.92,91
84,348.95,31.89,400.44,91
84,355.8,54.02,218.18,91
84,335.03,61.45,88.28,107
84,346.43,51.76,107.81,107
84,355.8,54.02,218.18,91
84,331.3,39.22,263.28,91
84,380.1,53.88,190.76,101
84,350.4,92.08,372.63,86
84,355.8,54.02,218.18,91
84,403.65,52.93,218.18,91
84,335.03,61.45,88.28,107
84,331.3,39.22,263.28,91
84,331.3,39.22,263.28,91
84,326.82,76.26,175.26,103
84,335.03,61.45,88.28,107
84,305.59,116.1,335.3,107
84,346.43,51.76,107.81,107
84,326.36,69.26,326.69,91
84,331.3,39.22,263.28,91
84,327.72,22.47,115.9,107
84,355.8,54.02,218.18,91
84,355.8,54.02,218.18,91
84,335.03,61.45,88.28,107
84,348.95,31.89,400.44,91
84,326.36,69.26,326.69,91
84,335.03,61.45,88.28,107
84,348.95,31.89,400.44,91
84,356.78,35.95,301.88,91
84,309.64,64.7,384.95,110
84,368.61,5.68,360.15,88
84,383.73,120.38,334.66,83
85,346.43,51.76,107.81,107
85,335.03,61.45,88.28,107
85,335.03,61.45,88.28,107
85,316.99,70.15,216.32,107
85,339.74,87.82,328.34,91
85,346.43,51.76,107.81,107
85,346.43,51.76,107.81,107
85,346.43,51.76,107.81,107
85,335.03,61.45,88.28,107
85,335.03,61.45,88.28,107
85,355.8,54.02,218.18,91
85,335.03,61.45,88.28,107
85,291.98,66.03,247.79,110
85,335.03,61.45,88.28,107
85,346.43,51.76,107.81,107
85,355.8,54.02,218.18,91
85,356.27,50.16,42.92,107
85,357.8,28.85,167.86,101
85,346.43,51.76,107.81,107
85,355.8,54.02,218.18,91
85,320.91,34.87,91.11,117
85,355.8,54.02,218.18,91
85,346.43,51.76,107.81,107
85,346.43,51.76,107.81,107
85,346.43,51.76,107.81,107
85,335.03,61.45,88.28,107
85,373.45,45.89,218.18,91
85,310.36,86.68,544.9,91
85,346.43,51.76,107.81,107
85,346.43,51.76,107.81,107
85,335.03,61.45,88.28,107
85,320.43,43.29,275.65,107
85,371.62,113.9,257.87,86
85,368.99,128.33,508.49,86
86,355.8,54.02,218.18,91
86,346.43,51.76,107.81,107
86,346.43,51.76,107.81,107
86,335.03,61.45,88.28,107
86,346.43,51.76,107.81,107
86,357.8,28.85,167.86,101
86,407.26,60.63,42.92,91
86,346.43,51.76,107.81,107
86,346.43,51.76,107.81,107
86,356.27,50.16,42.92,107
86,346.43,51.76,107.81,107
86,335.03,61.45,88.28,107
86,351.08,107.15,527.75,91
86,357.8,28.85,167.86,101
86,335.03,61.45,88.28,107
86,346.43,51.76,107.81,107
86,335.03,61.45,88.28,107
86,355.8,54.02,218.18,91
86,355.8,54.02,218.18,91
86,346.43,51.76,107.81,107
86,355.8,54.02,218.18,91
86,316.99,70.15,216.32,107
86,335.03,61.45,88.28,107
86,335.03,61.45,88.28,107
86,355.8,54.02,218.18,91
86,355.8,54.02,218.18,91
86,373.45,45.89,263.54,91
86,346.43,51.76,107.81,107
86,346.43,51.76,107.81,107
86,355.8,54.02,218.18,91
86,349.15,44.25,65.58,101
86,337.38,118.86,1130.38,91
86,335.03,61.45,88.28,107
86,335.03,61.45,88.28,107
86,346.36,48.04,201.48,93
86,346.43,51.76,107.81,107
86,346.43,51.76,107.81,107
86,335.03,61.45,88.28,107
86,335.03,61.45,88.28,107
86,346.43,51.76,107.81,107
86,346.43,51.76,107.81,107
86,346.43,51.76,107.81,107
86,355.8,54.02,218.18,91
87,356.27,50.16,42.92,107
87,346.43,51.76,107.81,107
87,385.74,9.77,59.85,103
87,346.43,51.76,107.81,107
87,346.43,51.76,107.81,107
87,356.27,50.16,42.92,107
87,335.03,61.45,88.28,107
87,355.8,54.02,218.18,91
87,316.99,70.15,216.32,107
87,355.8,54.02,218.18,91
87,335.03,61.45,88.28,107
87,357.8,28.85,167.86,101
87,335.03,61.45,88.28,107
87,346.43,51.76,107.81,107
87,346.43,51.76,107.81,107
87,346.43,51.76,107.81,107
87,357.8,28.85,167.86,101
87,349.26,26.4,128.5,117
87,346.43,51.76,107.81,107
87,355.8,54.02,218.18,91
87,355.8,54.02,218.18,91
87,346.43,51.76,107.81,107
87,362.72,43.8,91.28,107
87,356.27,50.16,42.92,107
87,356.27,50.16,42.92,107
87,355.8,54.02,218.18,91
87,346.43,51.76,107.81,107
87,356.27,50.16,42.92,107
87,346.43,51.76,107.81,107
87,357.8,28.85,167.86,101
87,359.4,48.85,42.92,91
87,343.41,55.34,173.85,117
87,346.43,51.76,107.81,107
87,316.99,70.15,216.32,107
87,346.43,51.76,107.81,107
87,355.8,54.02,218.18,91
87,346.43,51.76,107.81,107
87,312.66,121.85,352.49,107
87,356.27,50.16,42.92,107
88,346.43,51.76,107.81,107
88,355.8,54.02,218.18,91
88,356.27,50.16,42.92,107
88,355.8,54.02,218.18,91
88,346.43,51.76,107.81,107
88,356.27,50.16,42.92,107
88,346.43,51.76,107.81,107
88,346.43,51.76,107.81,107
88,356.27,50.16,42.92,107
88,346.43,51.76,107.81,107
88,346.43,51.76,107.81,107
88,346.43,51.76,107.81,107
88,346.43,51.76,107.81,107
88,356.27,50.16,42.92,107
88,346.43,51.76,107.81,107
88,355.8,54.02,218.18,91
88,346.43,51.76,107.81,107
88,346.43,51.76,107.81,107
88,355.8,54.02,218.18,91
88,346.43,51.76,107.81,107
88,346.43,51.76,107.81,107
88,346.43,51.76,107.81,107
88,346.43,51.76,107.81,107
88,356.27,50.16,42.92,107
88,346.43,51.76,107.81,107
88,346.43,51.76,107.81,107
88,346.43,51.76,107.81,107
88,349.26,26.4,128.5,117
88,346.43,51.76,107.81,107
88,335.03,61.45,88.28,107
88,346.43,51.76,107.81,107
88,338.17,62.38,97.81,91
88,356.27,50.16,42.92,107
88,355.8,54.02,218.18,91
88,346.43,51.76,107.81,107
88,316.99,70.15,216.32,107
88,376.08,49,156.7,107
88,330.27,39.69,201.48,101
88,373.45,45.89,263.54,91
88,349.26,26.4,128.5,117
88,335.03,61.45,88.28,107
88,346.43,51.76,107.81,107
88,346.43,51.76,107.81,107
88,346.43,51.76,107.81,107
88,346.43,51.76,107.81,107
89,355.8,54.02,218.18,91
89,316.99,70.15,216.32,107
89,355.8,54.02,218.18,91
89,355.8,54.02,218.18,91
89,387.04,83.79,199.43,90
89,289.39,110.04,447.11,119
89,373.45,45.89,263.54,91
89,316.99,70.15,216.32,107
89,316.99,70.15,216.32,107
89,355.8,54.02,218.18,91
89,326.83,66.15,151.43,107
89,316.99,70.15,216.32,107
89,331.77,33.79,26.22,107
90,326.07,19.78,88.28,107
90,349.03,70.56,228.22,91
90,316.99,70.15,216.32,107
90,355.8,54.02,218.18,91
90,316.99,70.15,216.32,107
90,356.27,50.16,42.92,107
90,355.8,54.02,218.18,91
90,326.36,69.26,326.69,91
90,289.39,110.04,447.11,119
90,356.27,50.16,42.92,107
90,316.99,70.15,216.32,107
90,373.45,45.89,263.54,91
90,316.99,70.15,216.32,107
90,356.27,50.16,42.92,107
90,316.99,70.15,216.32,107
90,316.99,70.15,216.32,107
90,322.79,138.34,826.07,91
90,356.27,50.16,42.92,107
90,355.8,54.02,218.18,91
90,355.8,54.02,218.18,91
90,356.27,50.16,42.92,107
90,355.8,54.02,218.18,91
90,356.27,50.16,42.92,107
90,355.8,54.02,218.18,91
90,289.39,110.04,447.11,119
90,356.27,50.16,42.92,107
90,289.19,109.89,352.03,129
90,327.7,32.93,32.2,126
90,316.99,70.15,216.32,107
90,373.45,45.89,263.54,91
90,295.77,109.76,463.65,107
90,359.4,48.85,42.92,91
91,355.8,54.02,218.18,91
91,316.99,70.15,216.32,107
91,326.36,69.26,326.69,91
91,346.43,51.76,107.81,107
91,355.8,54.02,218.18,91
91,355.8,54.02,218.18,91
91,316.99,70.15,216.32,107
91,316.99,70.15,216.32,107
91,326.83,66.15,151.43,107
91,346.43,51.76,107.81,107
91,356.27,50.16,42.92,107
91,356.27,50.16,42.92,107
91,346.43,51.76,107.81,107
91,359.4,48.85,42.92,91
91,319.98,69.77,254.97,103
91,355.8,54.02,218.18,91
91,356.27,50.16,42.92,107
91,356.27,50.16,42.92,107
91,356.27,50.16,42.92,107
91,356.27,50.16,42.92,107
91,303.7,72.87,352.49,107
91,355.8,54.02,218.18,91
91,355.8,54.02,218.18,91
91,310.61,71.22,199.79,119
91,295.77,109.76,463.65,107
91,338.77,80.32,80.39,126
91,326.83,66.15,151.43,107
91,316.99,70.15,216.32,107
91,316.99,70.15,216.32,107
91,355.8,54.02,218.18,91
91,355.8,54.02,218.18,91
91,346.43,51.76,107.81,107
91,326.36,69.26,326.69,91
91,287.34,56.11,91.11,123
91,316.99,70.15,216.32,107
91,356.27,50.16,42.92,107
91,316.99,70.15,216.32,107
91,316.99,70.15,216.32,107
91,356.27,50.16,42.92,107
91,356.27,50.16,42.92,107
92,356.27,50.16,42.92,107
92,355.8,54.02,218.18,91
92,310.61,71.22,199.79,119
92,326.36,69.26,326.69,91
92,356.27,50.16,42.92,107
92,356.27,50.16,42.92,107
92,333.27,59.31,199.79,107
92,356.27,50.16,42.92,107
92,326.83,66.15,151.43,107
92,359.4,48.85,42.92,91
92,356.27,50.16,42.92,107
92,355.8,54.02,218.18,91
92,355.8,54.02,218.18,91
92,355.8,54.02,218.18,91
92,326.36,69.26,326.69,91
92,355.8,54.02,218.18,91
92,316.99,70.15,216.32,107
92,326.36,69.26,326.69,91
92,355.8,54.02,218.18,91
92,355.8,54.02,218.18,91
92,356.27,50.16,42.92,107
92,356.27,50.16,42.92,107
92,326.36,69.26,326.69,91
92,355.8,54.02,218.18,91
92,337.47,61.68,110.38,107
92,356.27,50.16,42.92,107
92,355.8,54.02,218.18,91
92,355.8,54.02,218.18,91
92,356.27,50.16,42.92,107
92,355.8,54.02,218.18,91
92,346.43,51.76,107.81,107
92,355.8,54.02,218.18,91
92,326.36,69.26,326.69,91
92,356.27,50.16,42.92,107
92,355.8,54.02,218.18,91
92,316.99,70.15,216.32,107
92,326.36,69.26,326.69,91
92,355.8,54.02,218.18,91
92,326.36,69.26,326.69,91
92,317.39,1.03,412.19,91
92,325.6,58.27,352.15,91
92,326.36,69.26,326.69,91
92,326.36,69.26,326.69,91
92,356.27,50.16,42.92,107
92,326.36,69.26,326.69,91
92,326.36,69.26,326.69,91
92,346.43,51.76,107.81,107
93,333.27,59.31,199.79,107
93,326.36,69.26,326.69,91
93,355.8,54.02,218.18,91
93,355.8,54.02,218.18,91
93,326.36,69.26,326.69,91
93,355.8,54.02,218.18,91
93,346.43,51.76,107.81,107
93,329.96,64.18,151.43,91
93,362.72,43.8,91.28,107
93,326.83,66.15,151.43,107
93,355.8,54.02,218.18,91
93,356.27,50.16,42.92,107
93,355.8,54.02,218.18,91
93,316.99,70.15,216.32,107
93,359.4,48.85,42.92,91
93,355.8,54.02,218.18,91
93,355.8,54.02,218.18,91
93,355.8,54.02,218.18,91
93,326.36,69.26,326.69,91
93,355.8,54.02,218.18,91
93,326.36,69.26,326.69,91
93,355.8,54.02,218.18,91
93,355.8,54.02,218.18,91
93,355.8,54.02,218.18,91
93,355.8,54.02,218.18,91
93,355.8,54.02,218.18,91
93,355.8,54.02,218.18,91
93,356.27,50.16,42.92,107
93,356.27,50.16,42.92,107
93,346.43,51.76,107.81,107
93,359.4,48.85,42.92,91
93,355.8,54.02,218.18,91
93,355.8,54.02,218.18,91
93,326.36,69.26,326.69,91
93,342.64,56.32,254.97,91
93,326.36,69.26,326.69,91
93,333.27,59.31,199.79,107
93,355.8,54.02,218.18,91
93,355.8,54.02,218.18,91
93,355.8,54.02,218.18,91
93,355.8,54.02,218.18,91
93,346.43,51.76,107.81,107
93,329.96,64.18,151.43,91
93,337.47,61.68,110.38,107
93,303.7,72.87,352.49,107
93,355.8,54.02,218.18,91
93,355.8,54.02,218.18,91
94,355.8,54.02,218.18,91
94,346.43,51.76,107.81,107
94,355.8,54.02,218.18,91
94,356.27,50.16,42.92,107
94,326.36,69.26,326.69,91
94,355.8,54.02,218.18,91
94,355.8,54.02,218.18,91
94,355.8,54.02,218.18,91
94,355.8,54.02,218.18,91
94,355.8,54.02,218.18,91
94,356.27,50.16,42.92,107
94,362.72,43.8,91.28,107
94,355.8,54.02,218.18,91
94,326.36,69.26,326.69,91
94,326.36,69.26,326.69,91
94,326.36,69.26,326.69,91
94,355.8,54.02,218.18,91
94,359.4,48.85,42.92,91
94,346.43,51.76,107.81,107
94,346.43,51.76,107.81,107
94,359.4,48.85,42.92,91
94,355.8,54.02,218.18,91
94,355.8,54.02,218.18,91
94,355.8,54.02,218.18,91
94,355.8,54.02,218.18,91
94,359.4,48.85,42.92,91
94,316.99,70.15,216.32,107
94,346.43,51.76,107.81,107
94,316.99,70.15,216.32,107
94,346.43,51.76,107.81,107
94,326.36,69.26,326.69,91
94,355.8,54.02,218.18,91
94,355.8,54.02,218.18,91
94,326.36,69.26,326.69,91
94,316.99,70.15,216.32,107
94,346.43,51.76,107.81,107
94,355.8,54.02,218.18,91
94,356.27,50.16,42.92,107
94,326.83,66.15,151.43,107
94,346.43,51.76,107.81,107
94,362.72,43.8,91.28,107
94,323.4,59.81,75.78,126
94,366.01,73.4,343.35,88
94,355.8,54.02,218.18,91
94,355.8,54.02,218.18,91
94,329.96,64.18,151.43,91
94,356.27,50.16,42.92,107
95,326.34,59.77,241.83,103
95,355.8,54.02,218.18,91
95,326.36,69.26,326.69,91
95,355.8,54.02,218.18,91
95,355.8,54.02,218.18,91
95,346.43,51.76,107.81,107
95,326.36,69.26,326.69,91
95,326.36,69.26,326.69,91
95,355.8,54.02,218.18,91
95,355.8,54.02,218.18,91
95,356.27,50.16,42.92,107
95,356.27,50.16,42.92,107
95,326.36,69.26,326.69,91
95,326.36,69.26,326.69,91
95,355.8,54.02,218.18,91
95,355.8,54.02,218.18,91
95,355.8,54.02,218.18,91
95,326.36,69.26,326.69,91
95,346.43,51.76,107.81,107
95,355.8,54.02,218.18,91
95,356.27,50.16,42.92,107
95,326.36,69.26,326.69,91
95,346.43,51.76,107.81,107
95,355.8,54.02,218.18,91
95,355.8,54.02,218.18,91
95,356.27,50.16,42.92,107
95,355.8,54.02,218.18,91
95,355.8,54.02,218.18,91
95,355.8,54.02,218.18,91
95,355.8,54.02,218.18,91
95,346.43,51.76,107.81,107
95,326.36,69.26,326.69,91
95,346.43,51.76,107.81,107
95,355.8,54.02,218.18,91
95,346.43,51.76,107.81,107
95,356.27,50.16,42.92,107
95,362.72,43.8,42.92,107
95,346.43,51.76,107.81,107
95,355.8,54.02,218.18,91
95,355.8,54.02,218.18,91
95,346.43,51.76,107.81,107
95,356.27,50.16,42.92,107
95,346.43,51.76,107.81,107
95,372.08,44.3,146.46,91
95,326.36,69.26,326.69,91
95,355.8,54.02,218.18,91
96,326.34,59.77,241.83,103
96,326.36,69.26,326.69,91
96,355.8,54.02,218.18,91
96,355.8,54.02,218.18,91
96,326.34,59.77,241.83,103
96,326.36,69.26,326.69,91
96,325.6,58.27,352.15,91
96,336.57,50.68,218.18,103
96,359.4,48.85,42.92,91
96,316.99,70.15,216.32,107
96,326.36,69.26,326.69,91
96,326.36,69.26,326.69,91
96,329.96,64.18,151.43,91
96,355.8,54.02,218.18,91
96,326.36,69.26,326.69,91
96,355.8,54.02,218.18,91
96,326.36,69.26,326.69,91
96,355.8,54.02,218.18,91
96,355.8,54.02,218.18,91
96,326.36,69.26,326.69,91
96,355.8,54.02,218.18,91
96,326.36,69.26,326.69,91
96,326.36,69.26,326.69,91
96,355.8,54.02,218.18,91
96,326.36,69.26,326.69,91
96,329.96,64.18,151.43,91
96,346.43,51.76,107.81,107
96,326.36,69.26,326.69,91
96,355.8,54.02,218.18,91
96,355.8,54.02,218.18,91
96,355.8,54.02,218.18,91
96,355.8,54.02,218.18,91
96,355.8,54.02,218.18,91
96,326.36,69.26,326.69,91
96,355.8,54.02,218.18,91
96,326.36,69.26,326.69,91
96,355.8,54.02,218.18,91
96,356.27,50.16,42.92,107
96,356.27,50.16,42.92,107
97,326.36,69.26,326.69,91
97,326.36,69.26,326.69,91
97,355.8,54.02,218.18,91
97,355.8,54.02,218.18,91
97,326.36,69.26,326.69,91
97,359.4,48.85,42.92,91
97,326.36,69.26,326.69,91
97,359.4,48.85,42.92,91
97,382.26,72.68,194.82,86
97,291.77,45.72,218.18,107
97,332.51,39.92,261.05,86
97,355.8,54.02,218.18,91
97,355.8,54.02,218.18,91
97,359.4,48.85,42.92,91
97,326.36,69.26,326.69,91
97,338.17,62.38,97.81,91
97,307.13,71.96,326.69,103
97,326.36,69.26,326.69,91
97,326.36,69.26,326.69,91
97,329.96,64.18,151.43,91
97,355.8,54.02,218.18,91
97,326.36,69.26,326.69,91
97,355.8,54.02,218.18,91
97,359.4,48.85,42.92,91
97,355.8,54.02,218.18,91
97,355.8,54.02,218.18,91
97,326.36,69.26,326.69,91
97,326.36,69.26,326.69,91
97,359.4,48.85,42.92,91
97,329.96,64.18,151.43,91
97,326.36,69.26,326.69,91
97,355.8,54.02,218.18,91
97,326.36,69.26,326.69,91
97,355.8,54.02,218.18,91
97,326.36,69.26,326.69,91
97,355.8,54.02,218.18,91
97,296.9,84.42,338.64,103
97,326.36,69.26,326.69,91
97,326.36,69.26,326.69,91
97,329.96,64.18,151.43,91
97,359.4,48.85,42.92,91
97,326.36,69.26,326.69,91
97,359.4,48.85,42.92,91
97,355.8,54.02,218.18,91
97,326.34,59.77,241.83,103
98,373.3,44.47,194.82,86
98,329.56,38.17,246.14,86
98,291.77,45.72,218.18,107
98,322.33,66.45,286.98,91
98,327.57,69.2,386.27,86
98,329.96,64.18,151.43,91
98,329.96,64.18,151.43,91
98,359.4,48.85,42.92,91
98,323.41,63.31,254.97,103
98,329.24,60.91,190.79,91
98,331.3,39.22,201.48,91
98,327.57,69.2,386.27,86
98,426.96,88.67,430.44,66
98,352.98,33.47,241.04,78
98,298.17,14.63,412.19,103
98,321.4,149.67,764.93,91
98,359.4,48.85,42.92,91
98,307.13,71.96,326.69,103
98,304.34,58.57,42.92,107
98,329.96,64.18,151.43,91
98,369.26,45.51,80.06,86
98,329.96,64.18,151.43,91
98,369.26,45.51,80.06,86
98,291.77,45.72,218.18,107
98,331.3,39.22,201.48,91
98,327.57,69.2,386.27,86
99,329.96,64.18,151.43,91
99,281.97,96.89,301.32,107
99,329.56,38.17,246.14,86
99,373.3,44.47,194.82,86
99,328.32,35.61,272.8,107
99,426.96,88.67,430.44,66
99,327.57,69.2,386.27,86
99,339.82,58.31,188.57,86
99,329.96,64.18,151.43,91
99,307.13,71.96,326.69,103
99,463.77,68.71,218.18,69
99,327.57,69.2,386.27,86
99,291.77,45.72,218.18,107
99,333.76,27.26,241.04,90
99,343.86,38.04,26.22,91
99,327.57,69.2,386.27,86
99,426.96,88.67,430.44,66
99,329.24,60.91,190.79,91
99,329.96,64.18,151.43,91
99,352.98,33.47,241.04,78
99,352.98,33.47,241.04,78
99,329.96,64.18,151.43,91
99,322.33,66.45,286.98,91
99,269.4,103.27,759.15,107
99,307.13,71.96,326.69,103
99,426.96,88.67,430.44,66
99,322.33,66.45,286.98,91
99,329.96,64.18,151.43,91
99,352.98,33.47,241.04,78
99,352.98,33.47,241.04,78
99,317.39,1.03,412.19,91
99,329.96,64.18,151.43,91
99,329.96,64.18,151.43,91
100,327.57,69.2,386.27,86
100,307.13,71.96,326.69,103
100,327.57,69.2,386.27,86
100,329.56,38.17,246.14,86
100,331.7,73.19,441.21,78
100,327.57,69.2,386.27,86
100,463.77,68.71,218.18,69
100,333.76,27.26,241.04,90
100,373.3,44.47,194.82,86
100,307.13,71.96,326.69,103
100,354.2,34.1,300.61,73
100,367.36,45.64,94.24,86
100,321.49,53.29,191.2,91
100,463.77,68.71,218.18,69
100,329.56,38.17,246.14,86
100,376.2,33.62,197.78,91
100,327.57,69.2,386.27,86
100,327.57,69.2,386.27,86
100,329.96,64.18,151.43,91
100,329.24,60.91,190.79,91
100,329.96,64.18,151.43,91
100,327.57,69.2,386.27,86
100,439.46,132.54,623.81,66
100,308.35,71.69,386.27,98
100,352.98,33.47,241.04,78
100,329.03,69.15,342.06,86
100,308.72,118.65,483.34,91
100,319.4,69.84,256.15,112
100,337.86,37.71,390.66,73
100,317.39,1.03,412.19,91
100,350.17,44.12,65.58,91
100,382.76,44.25,26.22,91
100,325.04,96.99,265.94,90